Age,Gender,MaritalStatus,SmokerStatus,LifeStyle,LanguageSpoken,HighestEducation,Race,Nationality,MalaysiaPR,MovingToNewCompany,Occupation,Telco,HomeAddress,ResidentialType,NoOfDependent,FamilyExpenses(month),AnnualSalary,Customer_Needs_1,Customer_Needs_2,PurchasedPlan1,Transport,PurchasedPlan2,MedicalComplication
35,female,single,,home,english,Bachelor,malay,,yes,yes,employer,maxis,north_mal,terrace,2,10242,,PersonalSaving,KidMedical,SchoolAgain,driving,NoMoneyDown,no
25,male,,,outdoor,malay,Diploma,chinese,Malaysian,no,yes,selfEmployed,umobile,east_mal,terrace,2,,73926,PersonalRetirement,KidMedical,SchoolAgain,driving,XEdu,yes
27,male,,frequent,pub_goer,english,Bachelor,others,,no,no,privateEemployee,celcom,central_mal,condominium,2,4316,140734,PersonalMedical,KidMedical,SchoolAgain,driving,KidsFlyUp,yes
33,female,,once_in_a_while,pub_goer,english,Bachelor,malay,Malaysian,yes,no,privateEemployee,maxis,south_mal,terrace,,4845,,PersonalSaving,KidSaving,SchoolAgain,driving,NoMoneyDown,no
28,female,,once_in_a_while,home,english,Bachelor,chinese,Malaysian,yes,yes,privateEemployee,umobile,east_mal,condominium,2,9883,98833,PersonalRetirement,KidEducation,COVIDFree,driving,KidsFlyUp,yes
44,male,single,once_in_a_while,home,english,Bachelor,,Malaysian,yes,no,privateEemployee,umobile,central_mal,terrace,3,6174,,PersonalRetirement,KidMedical,HomeSafe,driving,KidsFlyUp,yes
35,male,,once_in_a_while,pub_goer,english,Bachelor,indian,others,yes,yes,,celcom,central_mal,terrace,,7735,,PersonalSaving,KidMedical,HomeSafe,driving,NoMoneyDown,yes
,male,married,frequent,home,english,Bachelor,indian,Malaysian,no,yes,privateEemployee,digi,north_mal,condominium,2,2679,166567,PersonalMedical,KidMedical,SchoolAgain,driving,XEdu,yes
33,male,married,frequent,outdoor,mandarin,Bachelor,,Malaysian,yes,no,privateEemployee,maxis,central_mal,flat,2,4930,51144,PersonalSaving,KidMedical,COVIDFree,publicTransport,NoMoneyDown,no
,male,,once_in_a_while,home,malay,Bachelor,indian,Malaysian,yes,no,govServant,celcom,south_mal,condominium,2,5301,127075,PersonalRetirement,KidEducation,SchoolAgain,driving,KidsFlyUp,yes
18,female,,sometimes,home,malay,Master,,,yes,no,govServant,maxis,south_mal,terrace,2,6110,111876,PersonalSaving,KidEducation,SchoolAgain,publicTransport,NoMoneyDown,yes
31,female,,,outdoor,mandarin,Bachelor,others,Malaysian,no,no,govServant,umobile,central_mal,flat,3,3835,149678,PersonalMedical,KidMedical,HomeSafe,driving,KidsFlyUp,yes
,female,married,once_in_a_while,pub_goer,malay,Bachelor,malay,,no,no,,umobile,central_mal,flat,2,7694,170077,PersonalMedical,KidEducation,SchoolAgain,driving,XEdu,yes
40,male,married,frequent,home,english,Bachelor,malay,,yes,yes,employer,maxis,central_mal,terrace,3,2749,94248,PersonalMedical,KidMedical,SchoolAgain,driving,KidsFlyUp,no
,female,married,frequent,home,english,Diploma,,,yes,yes,govServant,celcom,south_mal,terrace,3,3028,,PersonalRetirement,KidSaving,SchoolAgain,publicTransport,XEdu,no
19,female,married,frequent,pub_goer,malay,Bachelor,,,yes,no,,celcom,central_mal,flat,2,,59999,PersonalRetirement,KidEducation,SchoolAgain,publicTransport,KidsFlyUp,yes
28,female,single,frequent,pub_goer,malay,Diploma,chinese,,yes,no,privateEemployee,umobile,,terrace,2,,,PersonalMedical,KidMedical,HomeSafe,driving,KidsFlyUp,yes
31,female,single,once_in_a_while,home,malay,Diploma,,Malaysian,yes,yes,privateEemployee,digi,north_mal,flat,,,,PersonalMedical,KidEducation,SchoolAgain,driving,XEdu,no
20,female,,frequent,pub_goer,english,Bachelor,,,yes,yes,,digi,central_mal,condominium,3,7406,156529,PersonalRetirement,KidEducation,SchoolAgain,driving,XEdu,no
36,male,single,frequent,home,english,Bachelor,malay,,no,no,privateEemployee,celcom,,bungalow,,4288,123292,PersonalSaving,KidMedical,HomeSafe,driving,XEdu,yes
36,male,single,frequent,pub_goer,english,Bachelor,others,Malaysian,yes,yes,govServant,digi,,flat,2,7660,,PersonalRetirement,KidMedical,SchoolAgain,driving,KidsFlyUp,yes
,female,married,,outdoor,english,Bachelor,chinese,others,yes,yes,selfEmployed,maxis,east_mal,flat,3,4022,153099,PersonalMedical,KidEducation,SchoolAgain,driving,NoMoneyDown,no
18,male,married,,home,malay,Bachelor,,others,yes,yes,privateEemployee,maxis,south_mal,bungalow,3,3122,,PersonalSaving,KidEducation,SchoolAgain,publicTransport,NoMoneyDown,yes
,female,single,,pub_goer,english,Master,,Malaysian,yes,no,govServant,umobile,north_mal,terrace,3,6932,79918,PersonalMedical,KidEducation,SchoolAgain,driving,KidsFlyUp,no
37,female,single,,home,english,Bachelor,,,yes,no,,digi,south_mal,flat,2,10294,,PersonalMedical,KidEducation,SchoolAgain,driving,NoMoneyDown,yes
26,male,,frequent,home,english,Master,others,,yes,yes,privateEemployee,umobile,,flat,2,,89699,PersonalRetirement,KidMedical,SchoolAgain,publicTransport,KidsFlyUp,yes
20,female,,frequent,outdoor,malay,Bachelor,chinese,,no,yes,privateEemployee,umobile,north_mal,condominium,3,2553,144770,PersonalMedical,KidMedical,SchoolAgain,publicTransport,NoMoneyDown,yes
36,male,married,once_in_a_while,home,english,Bachelor,,Malaysian,yes,no,,digi,,condominium,,,,PersonalRetirement,KidSaving,HomeSafe,publicTransport,XEdu,yes
40,male,single,sometimes,pub_goer,malay,Bachelor,chinese,Malaysian,yes,yes,,celcom,central_mal,flat,3,9025,68302,PersonalRetirement,KidMedical,SchoolAgain,publicTransport,KidsFlyUp,no
40,male,married,frequent,home,mandarin,Bachelor,others,Malaysian,yes,no,employer,maxis,south_mal,terrace,3,,117142,PersonalSaving,KidMedical,COVIDFree,publicTransport,NoMoneyDown,yes
23,male,,once_in_a_while,home,english,Bachelor,indian,Malaysian,yes,yes,,umobile,east_mal,condominium,2,7914,167300,PersonalMedical,KidEducation,COVIDFree,driving,KidsFlyUp,yes
37,female,married,sometimes,pub_goer,malay,Master,malay,Malaysian,no,yes,privateEemployee,umobile,central_mal,flat,3,7325,169046,PersonalSaving,KidSaving,SchoolAgain,driving,XEdu,yes
35,male,single,frequent,pub_goer,mandarin,Bachelor,indian,,yes,yes,,digi,north_mal,terrace,3,3265,105305,PersonalSaving,KidSaving,HomeSafe,driving,KidsFlyUp,no
,male,single,frequent,pub_goer,english,Bachelor,others,Malaysian,yes,yes,,umobile,central_mal,terrace,2,6347,84774,PersonalSaving,KidMedical,SchoolAgain,publicTransport,KidsFlyUp,yes
25,male,married,frequent,home,english,Bachelor,malay,others,yes,yes,govServant,maxis,south_mal,terrace,2,5288,133717,PersonalRetirement,KidEducation,SchoolAgain,driving,KidsFlyUp,yes
44,male,single,sometimes,home,english,Bachelor,chinese,Malaysian,yes,yes,govServant,digi,central_mal,condominium,2,2552,186967,PersonalMedical,KidSaving,SchoolAgain,driving,XEdu,yes
22,female,,,home,mandarin,Bachelor,,Malaysian,yes,yes,privateEemployee,umobile,central_mal,terrace,3,,111650,PersonalMedical,KidMedical,SchoolAgain,driving,XEdu,yes
21,male,single,frequent,home,malay,Bachelor,others,,yes,yes,,digi,south_mal,flat,3,6151,,PersonalMedical,KidEducation,HomeSafe,driving,XEdu,no
,female,single,frequent,pub_goer,malay,Master,chinese,Malaysian,yes,no,privateEemployee,celcom,,condominium,2,4779,176369,PersonalSaving,KidSaving,SchoolAgain,driving,XEdu,yes
42,male,,frequent,pub_goer,malay,Bachelor,chinese,,yes,no,,maxis,north_mal,flat,2,,124415,PersonalMedical,KidSaving,SchoolAgain,driving,KidsFlyUp,yes
44,female,,once_in_a_while,outdoor,malay,Diploma,chinese,Malaysian,no,yes,govServant,celcom,south_mal,terrace,2,9187,142551,PersonalRetirement,KidMedical,COVIDFree,driving,XEdu,yes
40,male,married,once_in_a_while,home,english,Diploma,,Malaysian,yes,yes,privateEemployee,digi,,condominium,2,9394,52633,PersonalRetirement,KidSaving,HomeSafe,publicTransport,NoMoneyDown,no
33,female,,sometimes,home,malay,Bachelor,,,yes,yes,privateEemployee,maxis,south_mal,condominium,3,,,PersonalSaving,KidEducation,SchoolAgain,driving,XEdu,yes
35,female,single,frequent,pub_goer,english,Bachelor,indian,Malaysian,yes,yes,privateEemployee,maxis,east_mal,flat,,6749,104654,PersonalMedical,KidMedical,HomeSafe,driving,XEdu,yes
36,male,married,once_in_a_while,outdoor,malay,Master,,Malaysian,yes,no,privateEemployee,maxis,south_mal,flat,3,4679,,PersonalSaving,KidMedical,SchoolAgain,publicTransport,XEdu,no
,female,single,once_in_a_while,outdoor,malay,Bachelor,chinese,,no,no,employer,celcom,south_mal,bungalow,2,3112,108005,PersonalRetirement,KidSaving,SchoolAgain,driving,KidsFlyUp,yes
35,male,married,frequent,outdoor,english,PhD,chinese,Malaysian,yes,yes,,maxis,,bungalow,3,3089,167358,PersonalSaving,KidMedical,SchoolAgain,driving,KidsFlyUp,yes
40,male,single,frequent,outdoor,english,Bachelor,others,others,yes,yes,govServant,umobile,,flat,3,,,PersonalRetirement,KidSaving,COVIDFree,publicTransport,KidsFlyUp,no
38,male,married,sometimes,home,malay,Bachelor,others,Malaysian,yes,yes,,digi,south_mal,terrace,3,2705,,PersonalRetirement,KidEducation,SchoolAgain,driving,XEdu,yes
32,male,married,frequent,pub_goer,mandarin,Bachelor,,Malaysian,yes,yes,privateEemployee,umobile,central_mal,bungalow,2,,72059,PersonalSaving,KidEducation,COVIDFree,driving,KidsFlyUp,yes
36,female,married,once_in_a_while,pub_goer,malay,Diploma,others,others,yes,no,,maxis,,terrace,3,2893,190299,PersonalRetirement,KidEducation,SchoolAgain,driving,XEdu,no
32,female,,sometimes,pub_goer,malay,Bachelor,others,Malaysian,yes,no,,umobile,central_mal,terrace,3,8313,187167,PersonalRetirement,KidEducation,COVIDFree,driving,NoMoneyDown,yes
42,male,single,frequent,outdoor,mandarin,Bachelor,malay,Malaysian,yes,yes,,digi,central_mal,condominium,2,,78725,PersonalSaving,KidMedical,COVIDFree,driving,KidsFlyUp,yes
29,male,married,frequent,outdoor,english,Diploma,,Malaysian,no,no,govServant,umobile,east_mal,flat,2,10462,188088,PersonalSaving,KidSaving,COVIDFree,driving,XEdu,no
31,male,single,frequent,outdoor,english,Bachelor,others,others,no,no,selfEmployed,maxis,central_mal,flat,,9257,,PersonalMedical,KidEducation,SchoolAgain,publicTransport,KidsFlyUp,no
,male,,frequent,outdoor,english,Master,malay,,yes,yes,,celcom,,terrace,2,6914,58955,PersonalRetirement,KidMedical,COVIDFree,driving,KidsFlyUp,yes
29,male,,once_in_a_while,home,malay,Diploma,malay,,yes,yes,privateEemployee,digi,,terrace,3,9672,96559,PersonalMedical,KidEducation,SchoolAgain,driving,XEdu,yes
18,male,single,,pub_goer,english,Bachelor,malay,Malaysian,yes,yes,selfEmployed,maxis,north_mal,condominium,,3276,140009,PersonalMedical,KidEducation,SchoolAgain,driving,KidsFlyUp,yes
36,male,,once_in_a_while,pub_goer,malay,Diploma,,Malaysian,yes,yes,,celcom,south_mal,condominium,,6423,95437,PersonalMedical,KidEducation,SchoolAgain,driving,NoMoneyDown,yes
39,male,single,frequent,home,mandarin,Diploma,malay,Malaysian,yes,yes,,celcom,central_mal,terrace,2,7307,,PersonalSaving,KidEducation,SchoolAgain,publicTransport,XEdu,yes
,female,married,sometimes,home,malay,Master,,,yes,yes,selfEmployed,digi,east_mal,terrace,3,,124197,PersonalMedical,KidEducation,SchoolAgain,publicTransport,XEdu,no
38,male,,sometimes,pub_goer,english,Diploma,chinese,Malaysian,yes,yes,privateEemployee,maxis,central_mal,flat,2,,,PersonalRetirement,KidEducation,COVIDFree,driving,NoMoneyDown,no
30,female,,sometimes,outdoor,english,Diploma,indian,Malaysian,yes,no,,digi,north_mal,terrace,3,5613,73873,PersonalSaving,KidMedical,SchoolAgain,driving,XEdu,yes
29,male,married,,home,english,Bachelor,indian,others,yes,yes,,digi,south_mal,terrace,2,,,PersonalMedical,KidSaving,SchoolAgain,driving,XEdu,no
29,male,,once_in_a_while,home,english,Bachelor,,Malaysian,no,yes,,umobile,north_mal,condominium,,8738,65119,PersonalSaving,KidMedical,HomeSafe,publicTransport,KidsFlyUp,no
,female,,once_in_a_while,home,mandarin,Bachelor,malay,,no,no,privateEemployee,umobile,east_mal,terrace,2,,89974,PersonalMedical,KidEducation,SchoolAgain,driving,NoMoneyDown,yes
26,male,married,once_in_a_while,pub_goer,mandarin,Bachelor,,,yes,no,,maxis,north_mal,terrace,2,5134,117677,PersonalRetirement,KidMedical,COVIDFree,driving,KidsFlyUp,no
24,female,,,pub_goer,malay,Bachelor,others,Malaysian,yes,yes,employer,maxis,north_mal,condominium,,,75314,PersonalMedical,KidSaving,COVIDFree,publicTransport,KidsFlyUp,yes
19,female,,sometimes,home,malay,Bachelor,malay,Malaysian,no,yes,privateEemployee,umobile,central_mal,flat,2,6743,162683,PersonalSaving,KidEducation,COVIDFree,publicTransport,XEdu,no
32,male,married,frequent,home,english,PhD,indian,,no,yes,privateEemployee,maxis,north_mal,bungalow,2,,,PersonalSaving,KidEducation,HomeSafe,driving,XEdu,yes
,female,single,sometimes,pub_goer,english,Diploma,malay,Malaysian,yes,yes,employer,umobile,,flat,2,7596,,PersonalMedical,KidMedical,COVIDFree,driving,KidsFlyUp,yes
,male,,frequent,pub_goer,english,Master,malay,Malaysian,no,yes,,digi,central_mal,terrace,2,6219,,PersonalSaving,KidMedical,SchoolAgain,driving,XEdu,yes
34,female,single,frequent,pub_goer,english,PhD,indian,Malaysian,yes,yes,selfEmployed,celcom,south_mal,flat,,,65418,PersonalMedical,KidEducation,SchoolAgain,driving,NoMoneyDown,yes
18,male,single,frequent,home,mandarin,Bachelor,others,others,yes,yes,,celcom,central_mal,condominium,2,8645,,PersonalSaving,KidEducation,SchoolAgain,driving,NoMoneyDown,no
21,female,married,frequent,pub_goer,malay,Bachelor,,others,yes,yes,selfEmployed,maxis,south_mal,condominium,2,8744,169844,PersonalRetirement,KidMedical,SchoolAgain,publicTransport,NoMoneyDown,yes
39,male,married,sometimes,outdoor,english,PhD,malay,Malaysian,no,yes,privateEemployee,digi,central_mal,condominium,,8974,,PersonalMedical,KidEducation,HomeSafe,driving,NoMoneyDown,no
19,male,single,sometimes,pub_goer,mandarin,PhD,,Malaysian,yes,no,,umobile,,condominium,2,6136,86103,PersonalSaving,KidMedical,COVIDFree,driving,XEdu,yes
34,male,married,frequent,pub_goer,english,Bachelor,others,Malaysian,yes,yes,selfEmployed,maxis,north_mal,terrace,,,144956,PersonalSaving,KidMedical,COVIDFree,publicTransport,NoMoneyDown,yes
39,male,married,once_in_a_while,pub_goer,english,Bachelor,others,,yes,no,,celcom,south_mal,flat,2,10394,,PersonalRetirement,KidMedical,SchoolAgain,publicTransport,NoMoneyDown,yes
25,male,,sometimes,pub_goer,mandarin,Diploma,others,,no,no,privateEemployee,umobile,central_mal,condominium,2,3240,127633,PersonalSaving,KidEducation,SchoolAgain,driving,NoMoneyDown,no
37,male,single,sometimes,outdoor,english,Bachelor,indian,others,yes,yes,selfEmployed,digi,south_mal,condominium,2,5325,191164,PersonalSaving,KidSaving,SchoolAgain,driving,NoMoneyDown,no
22,male,,frequent,pub_goer,english,Master,chinese,Malaysian,yes,no,govServant,maxis,south_mal,flat,,6307,54843,PersonalMedical,KidEducation,SchoolAgain,driving,KidsFlyUp,yes
37,male,single,frequent,outdoor,malay,Diploma,malay,Malaysian,yes,no,govServant,digi,central_mal,flat,2,9553,115770,PersonalSaving,KidSaving,HomeSafe,driving,KidsFlyUp,no
34,female,single,frequent,pub_goer,malay,Bachelor,others,others,yes,no,employer,umobile,east_mal,terrace,3,,109953,PersonalSaving,KidEducation,HomeSafe,driving,NoMoneyDown,no
28,female,,sometimes,pub_goer,mandarin,Diploma,malay,,yes,no,govServant,umobile,central_mal,flat,3,4180,102486,PersonalMedical,KidMedical,SchoolAgain,driving,NoMoneyDown,yes
,male,,frequent,pub_goer,english,Bachelor,others,Malaysian,yes,yes,privateEemployee,digi,south_mal,flat,2,9027,113584,PersonalMedical,KidEducation,COVIDFree,driving,KidsFlyUp,yes
43,male,single,once_in_a_while,pub_goer,english,Bachelor,chinese,,yes,yes,privateEemployee,digi,,flat,,,97322,PersonalRetirement,KidEducation,SchoolAgain,driving,NoMoneyDown,yes
36,male,married,sometimes,pub_goer,english,Bachelor,others,,no,yes,,maxis,,condominium,2,7377,88612,PersonalMedical,KidSaving,HomeSafe,publicTransport,NoMoneyDown,yes
21,male,single,sometimes,home,mandarin,Bachelor,chinese,Malaysian,yes,yes,selfEmployed,umobile,central_mal,condominium,2,8580,,PersonalMedical,KidEducation,SchoolAgain,driving,KidsFlyUp,yes
43,male,single,once_in_a_while,pub_goer,malay,Bachelor,indian,Malaysian,yes,yes,selfEmployed,maxis,east_mal,flat,2,4073,166141,PersonalRetirement,KidEducation,HomeSafe,driving,KidsFlyUp,no
27,male,single,sometimes,home,mandarin,Master,chinese,Malaysian,yes,yes,selfEmployed,celcom,,condominium,2,2691,,PersonalMedical,KidEducation,SchoolAgain,driving,XEdu,no
25,male,married,sometimes,outdoor,mandarin,Bachelor,indian,Malaysian,yes,no,selfEmployed,digi,central_mal,condominium,2,7957,150729,PersonalMedical,KidEducation,SchoolAgain,driving,NoMoneyDown,yes
35,male,married,frequent,home,malay,Bachelor,malay,Malaysian,yes,no,govServant,celcom,south_mal,flat,2,2557,79926,PersonalSaving,KidMedical,SchoolAgain,driving,NoMoneyDown,yes
20,male,married,frequent,home,malay,Bachelor,,,no,no,,maxis,east_mal,flat,2,7220,,PersonalSaving,KidEducation,SchoolAgain,publicTransport,NoMoneyDown,yes
36,male,,once_in_a_while,pub_goer,mandarin,PhD,malay,others,yes,yes,privateEemployee,celcom,east_mal,condominium,2,5210,,PersonalMedical,KidMedical,SchoolAgain,driving,KidsFlyUp,yes
44,male,single,sometimes,home,english,Bachelor,,Malaysian,yes,yes,,celcom,north_mal,condominium,2,7400,,PersonalRetirement,KidMedical,HomeSafe,driving,XEdu,no
27,female,married,,home,english,Bachelor,chinese,,yes,yes,govServant,umobile,north_mal,flat,2,6711,124152,PersonalMedical,KidSaving,SchoolAgain,driving,NoMoneyDown,yes
,male,married,sometimes,outdoor,malay,Bachelor,others,,yes,no,,maxis,,flat,2,6730,72109,PersonalRetirement,KidMedical,SchoolAgain,driving,XEdu,yes
28,male,married,once_in_a_while,pub_goer,mandarin,Diploma,chinese,,yes,yes,selfEmployed,celcom,central_mal,condominium,2,3927,186487,PersonalRetirement,KidMedical,HomeSafe,publicTransport,XEdu,yes
28,male,single,,home,mandarin,Master,malay,Malaysian,no,no,govServant,digi,central_mal,condominium,2,3045,,PersonalMedical,KidEducation,SchoolAgain,driving,NoMoneyDown,yes
33,male,single,sometimes,home,malay,Bachelor,indian,,no,yes,selfEmployed,digi,north_mal,condominium,2,,,PersonalSaving,KidMedical,COVIDFree,driving,XEdu,no
,female,married,once_in_a_while,pub_goer,malay,Bachelor,,,yes,yes,,digi,east_mal,condominium,2,6714,175369,PersonalMedical,KidEducation,SchoolAgain,driving,XEdu,yes
22,female,married,,home,english,Bachelor,others,Malaysian,yes,yes,govServant,digi,,bungalow,2,9419,51109,PersonalSaving,KidEducation,SchoolAgain,driving,XEdu,no
39,female,married,frequent,pub_goer,english,Bachelor,chinese,Malaysian,yes,yes,govServant,celcom,central_mal,condominium,2,,87787,PersonalSaving,KidSaving,SchoolAgain,driving,KidsFlyUp,yes
35,female,single,frequent,home,mandarin,Bachelor,chinese,,yes,yes,privateEemployee,celcom,east_mal,flat,2,4830,114685,PersonalRetirement,KidMedical,HomeSafe,publicTransport,NoMoneyDown,no
42,female,single,sometimes,pub_goer,english,Bachelor,malay,,yes,no,govServant,maxis,central_mal,flat,2,4358,118424,PersonalSaving,KidMedical,SchoolAgain,publicTransport,KidsFlyUp,yes
,male,,sometimes,pub_goer,malay,Diploma,malay,,yes,yes,govServant,digi,central_mal,terrace,2,6203,134817,PersonalMedical,KidEducation,COVIDFree,driving,KidsFlyUp,no
27,female,single,frequent,pub_goer,malay,Diploma,others,Malaysian,yes,no,,maxis,north_mal,terrace,2,5216,118014,PersonalRetirement,KidMedical,SchoolAgain,driving,XEdu,no
43,male,single,frequent,home,english,Bachelor,indian,others,yes,no,govServant,umobile,central_mal,flat,2,8745,140871,PersonalMedical,KidMedical,HomeSafe,driving,KidsFlyUp,yes
,female,single,frequent,home,english,Master,malay,,yes,no,govServant,maxis,,condominium,2,,102477,PersonalRetirement,KidEducation,COVIDFree,driving,KidsFlyUp,no
33,male,,frequent,pub_goer,malay,Bachelor,,Malaysian,no,yes,,umobile,central_mal,condominium,2,7891,131885,PersonalRetirement,KidEducation,HomeSafe,publicTransport,KidsFlyUp,yes
,female,married,frequent,pub_goer,english,Bachelor,others,Malaysian,yes,no,privateEemployee,celcom,,flat,2,6647,,PersonalSaving,KidEducation,HomeSafe,driving,NoMoneyDown,yes
,male,single,once_in_a_while,pub_goer,mandarin,Bachelor,malay,,yes,yes,govServant,digi,south_mal,flat,,9509,,PersonalSaving,KidEducation,COVIDFree,driving,XEdu,yes
,female,single,,pub_goer,malay,Bachelor,chinese,,yes,yes,,celcom,south_mal,terrace,2,5748,,PersonalMedical,KidMedical,COVIDFree,publicTransport,KidsFlyUp,yes
25,male,,frequent,home,english,Master,chinese,Malaysian,yes,no,selfEmployed,celcom,,condominium,2,10219,117072,PersonalRetirement,KidMedical,SchoolAgain,publicTransport,XEdu,yes
27,female,single,sometimes,home,english,Bachelor,chinese,,yes,no,privateEemployee,celcom,south_mal,condominium,2,,,PersonalSaving,KidSaving,COVIDFree,driving,KidsFlyUp,yes
39,male,single,frequent,home,english,Bachelor,others,Malaysian,yes,yes,,maxis,central_mal,flat,2,,,PersonalMedical,KidEducation,SchoolAgain,driving,NoMoneyDown,no
38,male,single,frequent,pub_goer,malay,Bachelor,chinese,Malaysian,yes,yes,privateEemployee,celcom,,terrace,2,,,PersonalSaving,KidMedical,COVIDFree,driving,XEdu,yes
33,female,single,sometimes,pub_goer,mandarin,Bachelor,indian,,yes,no,privateEemployee,umobile,central_mal,condominium,,7573,79116,PersonalMedical,KidSaving,COVIDFree,driving,XEdu,yes
23,male,married,frequent,outdoor,english,Bachelor,others,Malaysian,no,yes,,maxis,north_mal,flat,2,,139370,PersonalRetirement,KidMedical,SchoolAgain,publicTransport,NoMoneyDown,yes
37,male,single,sometimes,pub_goer,mandarin,Bachelor,malay,Malaysian,yes,no,govServant,digi,central_mal,bungalow,2,6460,156115,PersonalMedical,KidEducation,SchoolAgain,driving,NoMoneyDown,yes
36,female,single,once_in_a_while,outdoor,english,Bachelor,malay,,yes,yes,,maxis,east_mal,terrace,2,10382,,PersonalRetirement,KidEducation,SchoolAgain,publicTransport,XEdu,yes
32,male,single,,home,english,Diploma,others,others,no,no,govServant,umobile,south_mal,bungalow,3,5585,,PersonalSaving,KidEducation,SchoolAgain,driving,XEdu,yes
34,male,,frequent,outdoor,malay,Bachelor,others,Malaysian,no,yes,govServant,maxis,central_mal,bungalow,3,5765,,PersonalMedical,KidEducation,COVIDFree,driving,KidsFlyUp,no
,female,single,,home,english,Diploma,chinese,,yes,yes,employer,maxis,central_mal,flat,2,8714,185357,PersonalSaving,KidMedical,SchoolAgain,driving,NoMoneyDown,yes
24,male,single,frequent,pub_goer,mandarin,Bachelor,,others,no,no,privateEemployee,maxis,south_mal,condominium,2,,76055,PersonalMedical,KidEducation,SchoolAgain,driving,XEdu,yes
29,male,single,frequent,outdoor,malay,Master,indian,Malaysian,yes,no,privateEemployee,maxis,central_mal,terrace,2,2824,82712,PersonalMedical,KidMedical,SchoolAgain,driving,XEdu,yes
42,male,single,sometimes,home,malay,Bachelor,malay,Malaysian,yes,yes,privateEemployee,maxis,north_mal,flat,,9678,143580,PersonalMedical,KidSaving,SchoolAgain,driving,XEdu,yes
,female,single,frequent,home,malay,Bachelor,,,no,yes,privateEemployee,maxis,central_mal,terrace,2,2971,138878,PersonalRetirement,KidMedical,SchoolAgain,driving,XEdu,no
32,male,married,frequent,outdoor,malay,Master,,Malaysian,yes,no,,digi,central_mal,condominium,,6477,,PersonalMedical,KidSaving,SchoolAgain,driving,KidsFlyUp,yes
24,male,,frequent,outdoor,mandarin,Bachelor,,others,no,no,govServant,digi,,terrace,3,,155964,PersonalSaving,KidEducation,SchoolAgain,publicTransport,XEdu,yes
40,male,,once_in_a_while,outdoor,malay,Bachelor,indian,,yes,yes,govServant,umobile,north_mal,flat,2,9498,,PersonalMedical,KidEducation,SchoolAgain,publicTransport,XEdu,yes
42,male,single,sometimes,home,english,Diploma,,Malaysian,no,yes,privateEemployee,umobile,central_mal,condominium,2,,,PersonalRetirement,KidSaving,SchoolAgain,driving,XEdu,no
35,male,single,once_in_a_while,home,mandarin,Bachelor,chinese,,yes,no,privateEemployee,digi,,flat,2,8099,135041,PersonalMedical,KidEducation,HomeSafe,driving,XEdu,yes
,male,single,frequent,home,malay,Master,malay,Malaysian,yes,yes,privateEemployee,umobile,east_mal,bungalow,2,9743,,PersonalSaving,KidEducation,SchoolAgain,driving,XEdu,no
28,male,single,frequent,outdoor,mandarin,Master,malay,Malaysian,yes,yes,govServant,maxis,,flat,2,6524,120324,PersonalSaving,KidMedical,SchoolAgain,driving,XEdu,yes
,male,single,,pub_goer,english,Bachelor,malay,Malaysian,yes,yes,govServant,maxis,central_mal,flat,2,5667,55618,PersonalMedical,KidMedical,SchoolAgain,publicTransport,NoMoneyDown,yes
44,male,,once_in_a_while,outdoor,english,Diploma,others,,no,yes,privateEemployee,digi,east_mal,flat,2,4784,166072,PersonalSaving,KidMedical,COVIDFree,publicTransport,KidsFlyUp,yes
23,male,single,sometimes,outdoor,mandarin,Diploma,malay,Malaysian,yes,no,employer,maxis,central_mal,condominium,,6695,,PersonalRetirement,KidEducation,SchoolAgain,driving,XEdu,no
40,female,,frequent,home,mandarin,Bachelor,malay,others,yes,no,,digi,north_mal,terrace,2,8247,,PersonalRetirement,KidEducation,HomeSafe,driving,KidsFlyUp,no
38,male,single,sometimes,pub_goer,malay,Diploma,chinese,Malaysian,yes,yes,govServant,digi,central_mal,bungalow,2,,99284,PersonalSaving,KidEducation,COVIDFree,driving,NoMoneyDown,yes
,female,single,frequent,pub_goer,english,Diploma,indian,,yes,no,,umobile,central_mal,condominium,,4683,161689,PersonalSaving,KidMedical,SchoolAgain,driving,KidsFlyUp,no
24,male,married,once_in_a_while,pub_goer,malay,Bachelor,,,yes,yes,selfEmployed,umobile,central_mal,flat,2,3116,122523,PersonalSaving,KidEducation,SchoolAgain,driving,XEdu,yes
,male,single,once_in_a_while,home,english,Bachelor,,others,yes,yes,privateEemployee,maxis,east_mal,terrace,3,,,PersonalSaving,KidEducation,SchoolAgain,publicTransport,NoMoneyDown,yes
36,male,single,sometimes,outdoor,mandarin,Bachelor,malay,others,yes,yes,,umobile,north_mal,terrace,2,,93920,PersonalMedical,KidMedical,SchoolAgain,publicTransport,KidsFlyUp,no
41,male,single,sometimes,home,mandarin,Diploma,indian,Malaysian,yes,yes,selfEmployed,digi,east_mal,terrace,2,7074,140260,PersonalMedical,KidEducation,SchoolAgain,publicTransport,XEdu,yes
40,female,,sometimes,home,malay,Bachelor,chinese,Malaysian,yes,yes,privateEemployee,digi,central_mal,condominium,2,7205,,PersonalRetirement,KidEducation,HomeSafe,publicTransport,NoMoneyDown,yes
27,male,single,frequent,pub_goer,english,Bachelor,malay,Malaysian,yes,yes,,celcom,east_mal,terrace,2,10010,164415,PersonalMedical,KidEducation,COVIDFree,driving,NoMoneyDown,yes
25,female,single,frequent,home,malay,Bachelor,indian,Malaysian,yes,no,,maxis,south_mal,condominium,2,5514,,PersonalSaving,KidMedical,SchoolAgain,driving,KidsFlyUp,no
37,female,single,frequent,outdoor,english,Bachelor,malay,Malaysian,no,no,,umobile,central_mal,terrace,2,3922,54417,PersonalSaving,KidMedical,SchoolAgain,publicTransport,NoMoneyDown,yes
36,female,single,frequent,pub_goer,english,Bachelor,,,no,yes,privateEemployee,digi,south_mal,flat,,3785,,PersonalRetirement,KidMedical,SchoolAgain,publicTransport,KidsFlyUp,yes
33,male,married,frequent,outdoor,english,Bachelor,,,yes,no,privateEemployee,maxis,central_mal,flat,2,6055,,PersonalRetirement,KidMedical,SchoolAgain,driving,KidsFlyUp,yes
,female,married,sometimes,pub_goer,malay,Bachelor,chinese,Malaysian,yes,yes,,celcom,east_mal,flat,2,,109929,PersonalRetirement,KidEducation,SchoolAgain,driving,XEdu,no
19,female,married,once_in_a_while,pub_goer,malay,Bachelor,chinese,Malaysian,yes,yes,,umobile,north_mal,flat,2,4746,114288,PersonalRetirement,KidEducation,SchoolAgain,driving,XEdu,no
38,male,,once_in_a_while,pub_goer,mandarin,Master,malay,Malaysian,yes,no,selfEmployed,celcom,central_mal,condominium,,4414,,PersonalRetirement,KidMedical,COVIDFree,driving,NoMoneyDown,yes
29,female,,once_in_a_while,home,malay,Diploma,,Malaysian,yes,no,privateEemployee,digi,east_mal,terrace,2,8358,,PersonalMedical,KidEducation,COVIDFree,publicTransport,NoMoneyDown,yes
33,male,single,once_in_a_while,home,english,Master,malay,Malaysian,no,yes,privateEemployee,maxis,south_mal,terrace,2,,60005,PersonalMedical,KidEducation,SchoolAgain,driving,XEdu,no
41,female,single,,pub_goer,mandarin,Diploma,others,,no,no,govServant,umobile,central_mal,flat,2,4066,,PersonalRetirement,KidEducation,COVIDFree,publicTransport,KidsFlyUp,no
21,female,,once_in_a_while,pub_goer,malay,Master,,Malaysian,yes,no,employer,maxis,,flat,,7715,152383,PersonalMedical,KidMedical,COVIDFree,driving,XEdu,no
35,female,married,frequent,home,malay,Bachelor,indian,Malaysian,yes,yes,govServant,celcom,south_mal,terrace,2,8931,54011,PersonalSaving,KidMedical,SchoolAgain,driving,XEdu,no
18,male,married,frequent,home,malay,Master,others,,yes,yes,selfEmployed,digi,,condominium,,,52281,PersonalSaving,KidSaving,HomeSafe,driving,NoMoneyDown,yes
44,male,,sometimes,outdoor,malay,Bachelor,,Malaysian,yes,yes,,maxis,central_mal,flat,,7967,,PersonalMedical,KidEducation,SchoolAgain,driving,NoMoneyDown,no
,male,,frequent,outdoor,malay,Bachelor,chinese,,yes,yes,privateEemployee,digi,south_mal,flat,2,6303,158356,PersonalRetirement,KidMedical,SchoolAgain,driving,NoMoneyDown,yes
42,female,married,once_in_a_while,home,malay,Bachelor,malay,others,yes,no,,maxis,,terrace,2,5644,91847,PersonalRetirement,KidEducation,SchoolAgain,publicTransport,NoMoneyDown,yes
,male,single,frequent,pub_goer,malay,Bachelor,chinese,,yes,no,selfEmployed,celcom,central_mal,flat,2,6340,,PersonalMedical,KidMedical,SchoolAgain,driving,XEdu,yes
24,male,,sometimes,pub_goer,malay,Bachelor,indian,Malaysian,yes,no,govServant,digi,east_mal,flat,2,,,PersonalMedical,KidEducation,COVIDFree,driving,XEdu,yes
41,female,married,once_in_a_while,home,english,Bachelor,others,,yes,yes,,digi,central_mal,condominium,2,10324,118832,PersonalMedical,KidMedical,SchoolAgain,driving,XEdu,no
40,male,single,frequent,outdoor,malay,Bachelor,others,Malaysian,yes,yes,,celcom,south_mal,terrace,,7220,154237,PersonalMedical,KidSaving,COVIDFree,driving,KidsFlyUp,yes
22,male,single,frequent,home,malay,Master,indian,others,yes,yes,govServant,maxis,,bungalow,2,3795,192465,PersonalMedical,KidEducation,COVIDFree,driving,XEdu,yes
30,female,,once_in_a_while,pub_goer,malay,Bachelor,malay,others,no,yes,,digi,south_mal,flat,2,9775,135200,PersonalRetirement,KidSaving,SchoolAgain,driving,XEdu,no
,female,single,sometimes,pub_goer,english,Bachelor,malay,Malaysian,no,no,,celcom,south_mal,flat,2,8203,,PersonalMedical,KidEducation,COVIDFree,driving,XEdu,no
36,male,single,once_in_a_while,outdoor,malay,Master,indian,,yes,yes,privateEemployee,maxis,central_mal,flat,2,5139,195574,PersonalSaving,KidMedical,COVIDFree,publicTransport,NoMoneyDown,yes
39,male,single,frequent,home,english,Diploma,others,,yes,no,privateEemployee,digi,south_mal,terrace,2,,129307,PersonalSaving,KidSaving,SchoolAgain,driving,XEdu,yes
41,male,,once_in_a_while,home,malay,Diploma,indian,Malaysian,yes,yes,govServant,maxis,,terrace,2,9012,76618,PersonalMedical,KidMedical,COVIDFree,driving,KidsFlyUp,yes
25,female,married,frequent,home,malay,Bachelor,chinese,Malaysian,yes,no,privateEemployee,maxis,north_mal,condominium,2,9343,174931,PersonalMedical,KidSaving,SchoolAgain,publicTransport,NoMoneyDown,yes
44,male,single,frequent,pub_goer,malay,Diploma,,others,yes,no,privateEemployee,digi,central_mal,bungalow,2,5159,,PersonalRetirement,KidSaving,HomeSafe,driving,XEdu,yes
27,female,married,frequent,pub_goer,english,Bachelor,,Malaysian,no,no,,digi,east_mal,terrace,2,7179,67815,PersonalMedical,KidMedical,SchoolAgain,driving,KidsFlyUp,no
25,male,single,frequent,pub_goer,malay,Bachelor,others,others,yes,yes,selfEmployed,celcom,central_mal,terrace,2,6985,157517,PersonalMedical,KidEducation,COVIDFree,publicTransport,NoMoneyDown,no
44,male,single,once_in_a_while,outdoor,english,Diploma,malay,Malaysian,yes,yes,,digi,east_mal,flat,2,7293,,PersonalMedical,KidMedical,COVIDFree,publicTransport,XEdu,no
32,male,,,pub_goer,malay,Bachelor,chinese,others,yes,no,employer,digi,east_mal,terrace,,5244,51188,PersonalMedical,KidMedical,SchoolAgain,publicTransport,XEdu,yes
33,female,single,,pub_goer,english,Bachelor,others,others,yes,no,privateEemployee,digi,central_mal,terrace,2,10071,141521,PersonalSaving,KidMedical,SchoolAgain,driving,XEdu,yes
43,female,,sometimes,home,english,Bachelor,others,Malaysian,yes,yes,govServant,celcom,south_mal,condominium,2,3184,,PersonalMedical,KidMedical,SchoolAgain,driving,KidsFlyUp,yes
37,male,single,sometimes,home,mandarin,Diploma,chinese,Malaysian,yes,yes,selfEmployed,maxis,east_mal,terrace,,8620,98268,PersonalSaving,KidMedical,SchoolAgain,driving,NoMoneyDown,no
40,female,married,frequent,pub_goer,malay,Bachelor,,,yes,yes,employer,digi,north_mal,terrace,,4100,117976,PersonalRetirement,KidSaving,COVIDFree,publicTransport,KidsFlyUp,no
39,male,,sometimes,pub_goer,english,Bachelor,,Malaysian,yes,yes,govServant,maxis,south_mal,terrace,2,2669,131238,PersonalRetirement,KidMedical,HomeSafe,driving,KidsFlyUp,no
23,female,married,sometimes,home,mandarin,Diploma,chinese,Malaysian,no,no,,maxis,central_mal,condominium,,3559,,PersonalSaving,KidSaving,SchoolAgain,driving,NoMoneyDown,no
31,male,single,once_in_a_while,home,mandarin,Bachelor,indian,Malaysian,yes,no,,maxis,central_mal,condominium,3,2813,,PersonalMedical,KidEducation,SchoolAgain,driving,NoMoneyDown,yes
,male,married,frequent,pub_goer,malay,Bachelor,indian,,yes,yes,selfEmployed,digi,north_mal,terrace,2,9413,,PersonalMedical,KidEducation,HomeSafe,publicTransport,NoMoneyDown,no
39,male,married,frequent,outdoor,mandarin,Bachelor,,Malaysian,yes,yes,govServant,digi,central_mal,flat,2,8270,57180,PersonalSaving,KidMedical,HomeSafe,publicTransport,XEdu,yes
,male,married,frequent,outdoor,malay,Bachelor,,others,no,yes,,digi,,terrace,,2859,161202,PersonalSaving,KidEducation,HomeSafe,driving,NoMoneyDown,yes
29,female,married,frequent,home,malay,Master,indian,,yes,no,govServant,maxis,south_mal,terrace,3,,,PersonalRetirement,KidSaving,SchoolAgain,driving,NoMoneyDown,no
,male,married,once_in_a_while,pub_goer,english,Diploma,chinese,others,yes,yes,,maxis,east_mal,terrace,2,,72594,PersonalRetirement,KidMedical,SchoolAgain,driving,NoMoneyDown,no
26,female,single,once_in_a_while,home,malay,Master,,Malaysian,yes,no,,umobile,central_mal,bungalow,2,3567,178627,PersonalRetirement,KidEducation,HomeSafe,driving,XEdu,yes
23,female,,frequent,home,malay,Diploma,malay,others,yes,yes,govServant,celcom,,terrace,2,,,PersonalMedical,KidMedical,HomeSafe,publicTransport,XEdu,no
,male,,frequent,home,malay,Master,malay,,yes,yes,govServant,umobile,central_mal,condominium,2,8616,70578,PersonalRetirement,KidMedical,SchoolAgain,driving,KidsFlyUp,yes
33,male,,frequent,pub_goer,malay,Diploma,malay,others,yes,yes,employer,maxis,east_mal,flat,2,8279,198688,PersonalRetirement,KidMedical,SchoolAgain,driving,NoMoneyDown,yes
,female,,frequent,pub_goer,mandarin,Diploma,indian,,no,no,govServant,digi,north_mal,flat,2,10203,57961,PersonalMedical,KidEducation,HomeSafe,driving,NoMoneyDown,no
25,female,single,frequent,home,english,Bachelor,chinese,Malaysian,yes,yes,employer,umobile,east_mal,flat,2,5376,115228,PersonalRetirement,KidMedical,SchoolAgain,driving,KidsFlyUp,yes
39,female,,frequent,pub_goer,english,Bachelor,indian,,no,yes,govServant,maxis,,terrace,2,3981,48136,PersonalMedical,KidEducation,SchoolAgain,driving,NoMoneyDown,no
,male,single,sometimes,pub_goer,malay,Bachelor,malay,,yes,no,selfEmployed,celcom,east_mal,terrace,2,9880,116957,PersonalSaving,KidMedical,SchoolAgain,driving,KidsFlyUp,yes
24,male,single,frequent,pub_goer,english,Bachelor,indian,Malaysian,yes,yes,privateEemployee,umobile,north_mal,bungalow,2,7615,,PersonalRetirement,KidMedical,SchoolAgain,driving,NoMoneyDown,yes
37,male,single,frequent,pub_goer,malay,Bachelor,,,yes,no,privateEemployee,digi,central_mal,terrace,2,7390,176061,PersonalMedical,KidSaving,SchoolAgain,publicTransport,XEdu,yes
18,female,married,frequent,pub_goer,malay,Bachelor,malay,,yes,yes,govServant,maxis,north_mal,flat,,9222,91842,PersonalMedical,KidSaving,SchoolAgain,driving,KidsFlyUp,yes
23,female,single,,outdoor,malay,Bachelor,malay,,yes,yes,,celcom,east_mal,condominium,2,7975,167508,PersonalRetirement,KidEducation,SchoolAgain,driving,KidsFlyUp,yes
27,male,married,frequent,home,malay,Bachelor,chinese,Malaysian,yes,no,,umobile,central_mal,condominium,,,,PersonalRetirement,KidSaving,SchoolAgain,driving,NoMoneyDown,yes
32,female,,frequent,pub_goer,english,Bachelor,indian,,yes,yes,,celcom,central_mal,condominium,,2795,175342,PersonalSaving,KidSaving,HomeSafe,publicTransport,KidsFlyUp,yes
32,male,,frequent,outdoor,malay,Bachelor,,others,yes,yes,govServant,maxis,north_mal,flat,2,,,PersonalMedical,KidEducation,SchoolAgain,driving,XEdu,no
21,male,,frequent,home,english,Master,chinese,,yes,no,govServant,umobile,central_mal,terrace,2,2669,184566,PersonalSaving,KidMedical,SchoolAgain,driving,NoMoneyDown,no
,female,single,once_in_a_while,home,english,Bachelor,malay,Malaysian,yes,no,govServant,digi,east_mal,terrace,2,,77745,PersonalRetirement,KidEducation,SchoolAgain,driving,NoMoneyDown,no
30,female,married,frequent,outdoor,malay,Diploma,malay,,yes,no,,digi,south_mal,flat,2,,107072,PersonalSaving,KidMedical,SchoolAgain,publicTransport,XEdu,no
,female,,once_in_a_while,home,malay,Diploma,,Malaysian,yes,yes,,umobile,central_mal,terrace,2,3337,160118,PersonalMedical,KidSaving,HomeSafe,driving,XEdu,yes
29,male,married,sometimes,pub_goer,english,Diploma,malay,Malaysian,yes,no,privateEemployee,maxis,central_mal,terrace,2,,119156,PersonalMedical,KidMedical,HomeSafe,publicTransport,NoMoneyDown,no
31,male,,sometimes,outdoor,malay,Bachelor,chinese,Malaysian,yes,no,privateEemployee,digi,,condominium,,,,PersonalRetirement,KidMedical,COVIDFree,driving,NoMoneyDown,yes
22,male,single,sometimes,outdoor,english,Master,chinese,,yes,no,privateEemployee,maxis,central_mal,terrace,2,,172378,PersonalSaving,KidEducation,COVIDFree,driving,NoMoneyDown,yes
40,male,single,sometimes,pub_goer,mandarin,Bachelor,malay,,yes,no,,celcom,south_mal,condominium,2,4821,,PersonalRetirement,KidMedical,SchoolAgain,driving,KidsFlyUp,yes
18,female,single,sometimes,home,malay,Bachelor,,Malaysian,yes,no,govServant,maxis,central_mal,flat,2,3264,111726,PersonalSaving,KidEducation,SchoolAgain,driving,KidsFlyUp,yes
,male,single,once_in_a_while,home,english,Master,others,Malaysian,yes,no,selfEmployed,digi,central_mal,bungalow,,7401,,PersonalSaving,KidSaving,SchoolAgain,driving,XEdu,no
31,male,single,frequent,outdoor,malay,PhD,malay,Malaysian,yes,yes,govServant,maxis,,condominium,2,,84417,PersonalRetirement,KidEducation,HomeSafe,driving,XEdu,no
,male,married,once_in_a_while,home,english,Bachelor,malay,Malaysian,no,no,govServant,celcom,,terrace,2,7831,,PersonalRetirement,KidMedical,SchoolAgain,driving,KidsFlyUp,no
44,female,,frequent,outdoor,malay,Bachelor,indian,others,no,no,selfEmployed,digi,north_mal,condominium,2,8193,,PersonalMedical,KidMedical,COVIDFree,driving,KidsFlyUp,yes
33,male,,once_in_a_while,pub_goer,mandarin,Bachelor,chinese,Malaysian,yes,no,privateEemployee,celcom,south_mal,flat,2,,129991,PersonalSaving,KidMedical,SchoolAgain,driving,XEdu,yes
35,male,single,sometimes,home,english,Diploma,others,Malaysian,no,yes,selfEmployed,digi,central_mal,flat,2,4863,,PersonalSaving,KidMedical,COVIDFree,publicTransport,KidsFlyUp,yes
18,female,,frequent,outdoor,malay,PhD,chinese,,yes,yes,privateEemployee,maxis,,condominium,,4900,66327,PersonalMedical,KidMedical,COVIDFree,publicTransport,KidsFlyUp,yes
36,female,single,,outdoor,malay,Master,,,yes,no,employer,umobile,east_mal,flat,2,4660,166367,PersonalMedical,KidEducation,COVIDFree,driving,XEdu,yes
32,male,,sometimes,pub_goer,mandarin,Bachelor,chinese,Malaysian,yes,yes,privateEemployee,celcom,north_mal,condominium,,5181,,PersonalRetirement,KidEducation,SchoolAgain,driving,KidsFlyUp,yes
20,male,married,once_in_a_while,pub_goer,english,Bachelor,,Malaysian,yes,yes,privateEemployee,maxis,central_mal,condominium,2,9555,,PersonalMedical,KidSaving,COVIDFree,driving,NoMoneyDown,no
31,male,married,frequent,pub_goer,english,Diploma,,Malaysian,yes,no,,umobile,central_mal,condominium,,6133,51316,PersonalMedical,KidEducation,COVIDFree,driving,NoMoneyDown,yes
,female,married,sometimes,pub_goer,malay,Master,,Malaysian,yes,yes,govServant,celcom,,flat,2,9472,76709,PersonalRetirement,KidSaving,SchoolAgain,driving,KidsFlyUp,no
33,male,married,frequent,pub_goer,english,Bachelor,,Malaysian,yes,yes,govServant,celcom,south_mal,condominium,2,10360,,PersonalMedical,KidEducation,SchoolAgain,driving,KidsFlyUp,yes
38,female,single,frequent,pub_goer,english,Bachelor,chinese,others,yes,no,selfEmployed,umobile,,condominium,2,6592,51787,PersonalMedical,KidEducation,SchoolAgain,driving,KidsFlyUp,yes
,male,,,outdoor,malay,Master,malay,,no,yes,selfEmployed,celcom,central_mal,flat,2,7509,113088,PersonalMedical,KidEducation,SchoolAgain,driving,KidsFlyUp,no
18,male,married,sometimes,pub_goer,malay,Bachelor,,,yes,yes,privateEemployee,digi,central_mal,terrace,2,,,PersonalRetirement,KidMedical,COVIDFree,driving,XEdu,yes
30,male,married,sometimes,pub_goer,english,Bachelor,others,Malaysian,yes,yes,selfEmployed,celcom,central_mal,condominium,2,8522,51730,PersonalMedical,KidMedical,SchoolAgain,driving,XEdu,no
34,female,,frequent,home,english,Bachelor,chinese,others,yes,no,selfEmployed,celcom,east_mal,terrace,2,,,PersonalMedical,KidEducation,SchoolAgain,publicTransport,KidsFlyUp,yes
,female,married,sometimes,pub_goer,english,Bachelor,indian,Malaysian,yes,no,govServant,digi,central_mal,flat,2,8499,106232,PersonalRetirement,KidEducation,SchoolAgain,driving,KidsFlyUp,yes
20,male,single,sometimes,home,english,Bachelor,,Malaysian,yes,yes,,digi,central_mal,flat,2,8768,,PersonalRetirement,KidEducation,SchoolAgain,publicTransport,XEdu,yes
,female,,,home,english,Bachelor,chinese,Malaysian,yes,no,privateEemployee,umobile,east_mal,terrace,2,4477,,PersonalMedical,KidMedical,SchoolAgain,driving,XEdu,yes
43,female,single,frequent,pub_goer,english,Master,others,Malaysian,no,no,,digi,south_mal,flat,,4684,140248,PersonalSaving,KidMedical,COVIDFree,driving,XEdu,no
,female,single,once_in_a_while,outdoor,english,Master,,Malaysian,yes,yes,privateEemployee,digi,north_mal,flat,2,6182,114487,PersonalRetirement,KidSaving,SchoolAgain,driving,NoMoneyDown,yes
36,male,single,once_in_a_while,outdoor,english,Bachelor,malay,,yes,no,,celcom,central_mal,flat,3,,,PersonalSaving,KidEducation,HomeSafe,driving,XEdu,yes
,male,married,sometimes,outdoor,english,Bachelor,,others,yes,yes,employer,maxis,east_mal,terrace,2,10048,152890,PersonalMedical,KidMedical,SchoolAgain,publicTransport,NoMoneyDown,no
21,female,,frequent,pub_goer,malay,Bachelor,indian,others,yes,yes,,umobile,east_mal,bungalow,2,9373,,PersonalRetirement,KidSaving,HomeSafe,driving,NoMoneyDown,yes
31,male,,,home,malay,Bachelor,,others,yes,yes,privateEemployee,umobile,central_mal,terrace,2,7214,105648,PersonalSaving,KidSaving,COVIDFree,driving,NoMoneyDown,yes
20,male,,once_in_a_while,pub_goer,english,PhD,,,no,no,privateEemployee,maxis,,terrace,2,10433,196393,PersonalRetirement,KidMedical,COVIDFree,publicTransport,NoMoneyDown,no
35,male,married,once_in_a_while,pub_goer,english,Bachelor,malay,Malaysian,no,yes,selfEmployed,digi,central_mal,flat,3,9647,116293,PersonalMedical,KidEducation,HomeSafe,driving,KidsFlyUp,yes
32,male,single,sometimes,home,english,Bachelor,chinese,Malaysian,no,no,employer,maxis,central_mal,flat,2,4495,82059,PersonalSaving,KidSaving,HomeSafe,driving,KidsFlyUp,yes
41,male,married,frequent,outdoor,english,Bachelor,,Malaysian,no,no,privateEemployee,digi,east_mal,terrace,2,,165152,PersonalRetirement,KidEducation,SchoolAgain,driving,XEdu,yes
,male,married,frequent,home,mandarin,Diploma,malay,Malaysian,yes,yes,privateEemployee,digi,,condominium,,8132,142005,PersonalRetirement,KidMedical,SchoolAgain,driving,NoMoneyDown,yes
31,female,single,,pub_goer,mandarin,Master,chinese,Malaysian,yes,yes,selfEmployed,digi,central_mal,condominium,2,4231,,PersonalRetirement,KidMedical,SchoolAgain,driving,XEdu,yes
,female,single,sometimes,outdoor,english,Diploma,indian,,yes,no,govServant,maxis,central_mal,terrace,3,2633,,PersonalMedical,KidMedical,HomeSafe,publicTransport,NoMoneyDown,no
36,male,single,once_in_a_while,outdoor,malay,Bachelor,indian,Malaysian,yes,no,govServant,maxis,central_mal,condominium,2,7750,51589,PersonalRetirement,KidMedical,HomeSafe,driving,NoMoneyDown,no
19,male,married,sometimes,outdoor,malay,Bachelor,,Malaysian,yes,yes,privateEemployee,digi,east_mal,terrace,2,7080,169876,PersonalRetirement,KidMedical,SchoolAgain,driving,XEdu,no
25,male,single,,home,malay,Bachelor,malay,,yes,no,privateEemployee,umobile,south_mal,terrace,2,2514,48836,PersonalRetirement,KidMedical,COVIDFree,publicTransport,KidsFlyUp,yes
20,female,single,frequent,pub_goer,malay,Bachelor,,Malaysian,no,yes,privateEemployee,maxis,south_mal,bungalow,3,,62841,PersonalMedical,KidMedical,SchoolAgain,driving,NoMoneyDown,no
20,male,married,frequent,home,malay,Bachelor,indian,others,yes,yes,,maxis,south_mal,terrace,,5174,,PersonalSaving,KidEducation,COVIDFree,driving,XEdu,no
18,female,,,outdoor,malay,Diploma,,Malaysian,no,yes,selfEmployed,digi,east_mal,bungalow,,5512,,PersonalMedical,KidEducation,SchoolAgain,driving,KidsFlyUp,yes
40,female,married,,pub_goer,malay,Bachelor,chinese,Malaysian,no,yes,selfEmployed,celcom,,condominium,2,3044,,PersonalRetirement,KidEducation,HomeSafe,driving,XEdu,no
22,female,single,once_in_a_while,home,malay,Diploma,others,Malaysian,yes,no,selfEmployed,umobile,north_mal,terrace,2,7540,107034,PersonalSaving,KidEducation,COVIDFree,driving,XEdu,no
41,male,single,sometimes,home,mandarin,Bachelor,malay,,yes,yes,govServant,maxis,north_mal,flat,2,5777,88609,PersonalSaving,KidMedical,COVIDFree,driving,KidsFlyUp,no
31,female,,frequent,home,english,Bachelor,malay,,yes,yes,,celcom,north_mal,flat,2,8868,143859,PersonalSaving,KidEducation,SchoolAgain,driving,KidsFlyUp,no
20,male,,sometimes,home,malay,Bachelor,others,Malaysian,yes,no,govServant,celcom,east_mal,terrace,3,,82995,PersonalMedical,KidEducation,SchoolAgain,driving,KidsFlyUp,yes
,female,single,sometimes,home,english,Bachelor,malay,Malaysian,yes,no,privateEemployee,maxis,,bungalow,3,3895,110833,PersonalRetirement,KidEducation,SchoolAgain,publicTransport,XEdu,no
37,male,,frequent,pub_goer,english,Bachelor,chinese,Malaysian,no,no,privateEemployee,maxis,central_mal,condominium,,2842,119104,PersonalMedical,KidSaving,COVIDFree,publicTransport,XEdu,yes
29,male,married,once_in_a_while,pub_goer,mandarin,Bachelor,malay,,yes,yes,,umobile,south_mal,terrace,,6920,,PersonalRetirement,KidMedical,SchoolAgain,driving,XEdu,no
18,female,married,,pub_goer,english,Bachelor,indian,,yes,yes,privateEemployee,celcom,east_mal,bungalow,2,5592,166208,PersonalRetirement,KidEducation,COVIDFree,driving,KidsFlyUp,no
,female,single,frequent,home,mandarin,Bachelor,malay,Malaysian,yes,no,govServant,digi,,condominium,2,8091,,PersonalRetirement,KidEducation,SchoolAgain,driving,NoMoneyDown,yes
25,female,married,sometimes,home,malay,Bachelor,,Malaysian,yes,yes,privateEemployee,umobile,central_mal,condominium,,4390,104569,PersonalMedical,KidEducation,HomeSafe,publicTransport,KidsFlyUp,no
41,male,married,frequent,pub_goer,malay,Bachelor,malay,others,no,yes,govServant,digi,east_mal,flat,2,2814,148736,PersonalMedical,KidEducation,HomeSafe,publicTransport,XEdu,yes
43,female,,sometimes,outdoor,english,Bachelor,chinese,Malaysian,yes,no,,maxis,north_mal,flat,3,,76273,PersonalMedical,KidEducation,SchoolAgain,driving,KidsFlyUp,yes
37,female,single,sometimes,outdoor,english,Diploma,,Malaysian,yes,yes,,digi,east_mal,terrace,3,3708,115362,PersonalRetirement,KidMedical,SchoolAgain,driving,XEdu,yes
35,male,single,frequent,home,english,Master,chinese,others,yes,no,govServant,maxis,central_mal,flat,,5644,142220,PersonalSaving,KidMedical,SchoolAgain,driving,NoMoneyDown,no
29,female,,,home,malay,Bachelor,indian,Malaysian,yes,no,selfEmployed,digi,south_mal,flat,3,5971,,PersonalRetirement,KidMedical,SchoolAgain,driving,NoMoneyDown,yes
20,female,,frequent,outdoor,english,Diploma,indian,,no,yes,employer,digi,east_mal,terrace,2,,161694,PersonalRetirement,KidMedical,SchoolAgain,driving,NoMoneyDown,yes
23,female,,,pub_goer,english,Bachelor,indian,Malaysian,no,yes,govServant,maxis,north_mal,terrace,2,,150288,PersonalRetirement,KidMedical,SchoolAgain,driving,XEdu,no
36,male,,frequent,home,malay,Bachelor,,others,yes,no,privateEemployee,digi,south_mal,condominium,3,,184694,PersonalRetirement,KidSaving,COVIDFree,driving,XEdu,no
,male,,once_in_a_while,pub_goer,malay,Diploma,indian,others,yes,yes,,maxis,central_mal,condominium,2,10209,86701,PersonalMedical,KidEducation,SchoolAgain,publicTransport,NoMoneyDown,yes
26,male,married,once_in_a_while,home,mandarin,Diploma,chinese,Malaysian,yes,yes,privateEemployee,maxis,central_mal,condominium,2,,63744,PersonalMedical,KidMedical,COVIDFree,driving,XEdu,no
22,female,,,home,malay,PhD,chinese,Malaysian,yes,no,,celcom,central_mal,condominium,2,,112657,PersonalMedical,KidEducation,SchoolAgain,driving,NoMoneyDown,yes
38,male,,once_in_a_while,home,mandarin,PhD,others,Malaysian,yes,yes,govServant,digi,,condominium,3,6557,115833,PersonalMedical,KidMedical,SchoolAgain,driving,KidsFlyUp,yes
24,female,single,frequent,home,english,Bachelor,malay,others,yes,yes,govServant,maxis,south_mal,condominium,3,7596,133892,PersonalMedical,KidMedical,SchoolAgain,driving,KidsFlyUp,no
38,male,single,frequent,pub_goer,english,Bachelor,others,Malaysian,yes,yes,,digi,east_mal,condominium,3,3372,,PersonalRetirement,KidEducation,COVIDFree,publicTransport,NoMoneyDown,no
27,male,married,frequent,pub_goer,malay,Bachelor,,Malaysian,no,no,privateEemployee,maxis,,condominium,2,8770,189642,PersonalRetirement,KidMedical,SchoolAgain,publicTransport,KidsFlyUp,yes
33,male,single,once_in_a_while,pub_goer,malay,Diploma,chinese,Malaysian,yes,no,selfEmployed,maxis,central_mal,flat,3,9060,,PersonalMedical,KidSaving,HomeSafe,driving,KidsFlyUp,no
43,female,single,frequent,home,english,Bachelor,,,yes,yes,employer,umobile,east_mal,terrace,2,6295,63735,PersonalRetirement,KidMedical,SchoolAgain,driving,XEdu,yes
18,male,single,once_in_a_while,home,malay,Diploma,chinese,,yes,yes,selfEmployed,digi,,terrace,2,,151748,PersonalMedical,KidEducation,COVIDFree,driving,XEdu,no
42,male,married,once_in_a_while,pub_goer,mandarin,PhD,,Malaysian,yes,yes,,maxis,central_mal,condominium,3,3087,165602,PersonalMedical,KidSaving,HomeSafe,driving,NoMoneyDown,yes
25,female,married,,outdoor,mandarin,Diploma,indian,Malaysian,yes,no,,maxis,south_mal,condominium,,6342,59798,PersonalRetirement,KidEducation,SchoolAgain,publicTransport,XEdu,no
26,female,married,frequent,home,malay,PhD,chinese,Malaysian,yes,yes,privateEemployee,maxis,,terrace,2,3333,170449,PersonalSaving,KidEducation,HomeSafe,driving,XEdu,yes
19,male,single,frequent,pub_goer,mandarin,Bachelor,others,,yes,no,govServant,umobile,south_mal,bungalow,,,,PersonalSaving,KidMedical,SchoolAgain,driving,NoMoneyDown,yes
33,female,married,once_in_a_while,pub_goer,english,Master,others,Malaysian,yes,yes,,celcom,central_mal,condominium,3,8903,,PersonalMedical,KidEducation,COVIDFree,driving,KidsFlyUp,yes
41,male,married,,outdoor,mandarin,Bachelor,chinese,others,yes,no,,umobile,central_mal,terrace,2,5367,,PersonalRetirement,KidEducation,COVIDFree,driving,KidsFlyUp,no
,male,,sometimes,home,mandarin,Master,others,others,yes,no,,celcom,,flat,3,,176325,PersonalMedical,KidEducation,SchoolAgain,publicTransport,NoMoneyDown,yes
,male,single,frequent,home,malay,Diploma,chinese,Malaysian,yes,yes,govServant,maxis,south_mal,flat,2,7327,143892,PersonalSaving,KidMedical,SchoolAgain,driving,NoMoneyDown,no
21,male,single,frequent,home,malay,PhD,chinese,Malaysian,no,no,privateEemployee,digi,central_mal,flat,3,4006,,PersonalMedical,KidEducation,SchoolAgain,publicTransport,XEdu,yes
42,female,married,once_in_a_while,pub_goer,english,Master,chinese,Malaysian,yes,no,privateEemployee,maxis,central_mal,bungalow,2,,,PersonalMedical,KidEducation,SchoolAgain,driving,NoMoneyDown,yes
25,male,married,,outdoor,malay,PhD,others,others,no,yes,privateEemployee,umobile,south_mal,flat,3,9271,104028,PersonalMedical,KidMedical,HomeSafe,driving,NoMoneyDown,no
18,male,,frequent,home,english,Bachelor,chinese,others,yes,yes,govServant,digi,central_mal,flat,2,,,PersonalMedical,KidMedical,SchoolAgain,driving,NoMoneyDown,yes
28,male,married,frequent,home,english,Bachelor,malay,Malaysian,yes,no,,maxis,central_mal,flat,3,4548,62704,PersonalMedical,KidMedical,SchoolAgain,driving,KidsFlyUp,no
,female,single,once_in_a_while,pub_goer,english,Diploma,indian,Malaysian,yes,no,selfEmployed,maxis,east_mal,flat,,8005,82754,PersonalMedical,KidSaving,SchoolAgain,driving,KidsFlyUp,no
25,male,,once_in_a_while,home,english,Diploma,indian,Malaysian,yes,yes,,celcom,south_mal,condominium,3,8648,106170,PersonalMedical,KidEducation,SchoolAgain,driving,NoMoneyDown,yes
29,male,single,sometimes,pub_goer,mandarin,Bachelor,others,Malaysian,yes,yes,,maxis,east_mal,condominium,3,4935,92229,PersonalSaving,KidEducation,SchoolAgain,driving,NoMoneyDown,yes
34,male,single,frequent,pub_goer,malay,Bachelor,chinese,Malaysian,yes,yes,govServant,digi,,condominium,2,8975,85782,PersonalSaving,KidSaving,SchoolAgain,driving,XEdu,yes
,male,,,outdoor,malay,Bachelor,indian,,yes,yes,,maxis,central_mal,condominium,2,3712,67373,PersonalSaving,KidMedical,SchoolAgain,driving,XEdu,no
,male,,once_in_a_while,outdoor,malay,Bachelor,malay,others,yes,yes,privateEemployee,umobile,east_mal,flat,2,8167,174825,PersonalMedical,KidMedical,SchoolAgain,driving,XEdu,yes
41,female,married,once_in_a_while,pub_goer,malay,Bachelor,others,Malaysian,yes,yes,privateEemployee,maxis,north_mal,terrace,2,6284,65852,PersonalMedical,KidSaving,SchoolAgain,driving,NoMoneyDown,yes
23,male,single,,outdoor,malay,Bachelor,indian,others,yes,no,,umobile,east_mal,terrace,3,6736,197612,PersonalRetirement,KidEducation,SchoolAgain,driving,NoMoneyDown,yes
41,female,single,frequent,pub_goer,english,Diploma,chinese,Malaysian,no,yes,privateEemployee,umobile,central_mal,condominium,2,6747,159272,PersonalRetirement,KidEducation,COVIDFree,driving,NoMoneyDown,no
22,female,,once_in_a_while,outdoor,mandarin,Bachelor,,Malaysian,yes,yes,privateEemployee,celcom,,condominium,,8719,,PersonalSaving,KidMedical,SchoolAgain,driving,NoMoneyDown,yes
33,female,married,frequent,home,english,Bachelor,chinese,others,yes,yes,privateEemployee,digi,central_mal,terrace,2,4512,158866,PersonalRetirement,KidMedical,COVIDFree,publicTransport,KidsFlyUp,yes
20,female,single,frequent,home,english,Bachelor,,others,yes,no,privateEemployee,maxis,north_mal,flat,2,6350,,PersonalSaving,KidMedical,SchoolAgain,driving,KidsFlyUp,no
34,male,married,once_in_a_while,outdoor,mandarin,Diploma,,Malaysian,yes,yes,,maxis,south_mal,terrace,,10395,172818,PersonalSaving,KidMedical,HomeSafe,publicTransport,XEdu,no
23,male,single,once_in_a_while,home,english,Bachelor,malay,Malaysian,yes,no,selfEmployed,digi,east_mal,flat,3,8653,,PersonalSaving,KidMedical,COVIDFree,driving,NoMoneyDown,no
,male,single,sometimes,pub_goer,malay,Bachelor,chinese,,yes,yes,privateEemployee,celcom,central_mal,condominium,2,3230,,PersonalMedical,KidMedical,HomeSafe,driving,XEdu,yes
27,female,married,once_in_a_while,pub_goer,english,Diploma,,Malaysian,yes,yes,,umobile,central_mal,flat,2,7463,136893,PersonalRetirement,KidEducation,SchoolAgain,driving,NoMoneyDown,yes
41,male,,once_in_a_while,pub_goer,english,Diploma,chinese,others,yes,yes,privateEemployee,maxis,east_mal,terrace,,,142979,PersonalMedical,KidMedical,COVIDFree,driving,XEdu,no
42,male,,sometimes,pub_goer,mandarin,Bachelor,malay,,yes,no,,celcom,central_mal,flat,3,4946,76437,PersonalMedical,KidSaving,SchoolAgain,driving,XEdu,yes
18,male,married,frequent,home,malay,Bachelor,others,others,yes,no,privateEemployee,maxis,east_mal,flat,,6247,61448,PersonalRetirement,KidEducation,SchoolAgain,publicTransport,XEdu,yes
40,male,,frequent,home,malay,Master,chinese,Malaysian,no,no,,celcom,,flat,,2541,147702,PersonalRetirement,KidMedical,HomeSafe,driving,NoMoneyDown,yes
,male,,sometimes,pub_goer,english,Bachelor,chinese,others,yes,yes,privateEemployee,maxis,east_mal,condominium,3,3995,60906,PersonalRetirement,KidSaving,HomeSafe,driving,XEdu,yes
26,male,single,sometimes,pub_goer,english,Bachelor,,Malaysian,yes,yes,privateEemployee,maxis,,flat,2,9696,173756,PersonalRetirement,KidEducation,COVIDFree,driving,NoMoneyDown,no
21,female,,frequent,pub_goer,malay,Bachelor,others,others,yes,yes,employer,digi,,terrace,3,,118804,PersonalMedical,KidEducation,SchoolAgain,publicTransport,XEdu,yes
34,female,,,home,english,Bachelor,,Malaysian,yes,no,,digi,south_mal,condominium,2,,159890,PersonalSaving,KidMedical,SchoolAgain,driving,XEdu,no
40,male,single,frequent,pub_goer,english,Bachelor,,,yes,no,,digi,east_mal,flat,3,7382,106189,PersonalSaving,KidEducation,SchoolAgain,publicTransport,XEdu,no
27,male,single,frequent,pub_goer,malay,Master,malay,Malaysian,no,no,privateEemployee,maxis,north_mal,condominium,2,,,PersonalSaving,KidMedical,SchoolAgain,driving,XEdu,no
28,male,single,frequent,home,malay,Bachelor,malay,Malaysian,yes,no,selfEmployed,digi,central_mal,condominium,2,,128028,PersonalMedical,KidMedical,SchoolAgain,driving,KidsFlyUp,no
23,female,single,frequent,home,mandarin,Bachelor,others,Malaysian,no,yes,,digi,,terrace,2,8073,199918,PersonalSaving,KidEducation,SchoolAgain,driving,NoMoneyDown,yes
44,male,married,once_in_a_while,outdoor,english,Diploma,malay,Malaysian,yes,yes,selfEmployed,maxis,east_mal,terrace,2,5974,157308,PersonalMedical,KidSaving,SchoolAgain,publicTransport,KidsFlyUp,yes
,male,,sometimes,pub_goer,malay,Bachelor,,others,yes,yes,privateEemployee,umobile,central_mal,flat,,7147,176444,PersonalMedical,KidEducation,COVIDFree,driving,KidsFlyUp,no
37,female,married,sometimes,outdoor,malay,Bachelor,,others,yes,no,,umobile,,condominium,2,,,PersonalSaving,KidMedical,COVIDFree,driving,XEdu,yes
29,female,married,sometimes,home,malay,Diploma,malay,others,no,yes,govServant,umobile,north_mal,flat,3,8270,49206,PersonalMedical,KidEducation,SchoolAgain,publicTransport,XEdu,no
18,female,single,frequent,home,mandarin,Bachelor,,Malaysian,no,yes,,digi,central_mal,flat,,9329,130938,PersonalSaving,KidEducation,SchoolAgain,driving,KidsFlyUp,yes
42,female,single,frequent,outdoor,mandarin,Bachelor,,,yes,yes,privateEemployee,celcom,south_mal,condominium,3,3267,100960,PersonalSaving,KidMedical,COVIDFree,publicTransport,KidsFlyUp,yes
44,male,,sometimes,home,english,Bachelor,malay,Malaysian,yes,no,privateEemployee,celcom,east_mal,condominium,3,3614,101414,PersonalMedical,KidSaving,HomeSafe,driving,XEdu,yes
23,male,,,home,english,Diploma,malay,Malaysian,yes,yes,,maxis,central_mal,bungalow,2,4726,50466,PersonalSaving,KidEducation,SchoolAgain,driving,XEdu,yes
42,male,single,,home,malay,Diploma,malay,others,yes,no,govServant,celcom,north_mal,flat,2,10101,,PersonalSaving,KidEducation,SchoolAgain,publicTransport,XEdu,yes
34,male,single,once_in_a_while,home,mandarin,Bachelor,others,Malaysian,yes,no,,maxis,,condominium,,5908,138061,PersonalRetirement,KidMedical,COVIDFree,driving,KidsFlyUp,no
43,male,single,frequent,pub_goer,malay,Bachelor,,Malaysian,yes,yes,selfEmployed,maxis,central_mal,condominium,3,,52704,PersonalMedical,KidEducation,SchoolAgain,publicTransport,XEdu,yes
,male,married,frequent,pub_goer,english,Bachelor,chinese,,no,yes,privateEemployee,maxis,east_mal,terrace,,7471,,PersonalMedical,KidSaving,SchoolAgain,driving,KidsFlyUp,no
18,male,married,frequent,home,mandarin,Bachelor,malay,,no,yes,govServant,celcom,central_mal,condominium,3,3220,80704,PersonalRetirement,KidEducation,SchoolAgain,driving,NoMoneyDown,no
,male,,frequent,home,english,Diploma,,Malaysian,yes,yes,privateEemployee,digi,north_mal,condominium,3,,197879,PersonalRetirement,KidMedical,SchoolAgain,publicTransport,NoMoneyDown,yes
34,male,single,frequent,outdoor,english,Diploma,malay,,yes,yes,selfEmployed,celcom,east_mal,bungalow,2,,,PersonalSaving,KidMedical,SchoolAgain,driving,NoMoneyDown,no
32,female,,frequent,home,english,Diploma,indian,Malaysian,yes,no,privateEemployee,celcom,,terrace,2,6798,111595,PersonalMedical,KidSaving,HomeSafe,driving,NoMoneyDown,no
21,female,married,once_in_a_while,pub_goer,english,Bachelor,malay,,yes,yes,,maxis,,terrace,,7009,,PersonalRetirement,KidSaving,HomeSafe,driving,KidsFlyUp,no
,female,,sometimes,outdoor,mandarin,Bachelor,chinese,Malaysian,yes,yes,govServant,celcom,central_mal,condominium,2,4482,149816,PersonalMedical,KidMedical,SchoolAgain,driving,XEdu,yes
,male,single,once_in_a_while,home,malay,Master,others,Malaysian,yes,no,,digi,south_mal,flat,3,2958,52700,PersonalSaving,KidSaving,SchoolAgain,driving,NoMoneyDown,yes
,male,single,frequent,pub_goer,malay,Bachelor,,Malaysian,no,yes,privateEemployee,maxis,south_mal,condominium,3,,,PersonalMedical,KidSaving,SchoolAgain,driving,KidsFlyUp,no
30,female,,sometimes,pub_goer,malay,Bachelor,,Malaysian,yes,yes,,maxis,,condominium,2,3771,168995,PersonalRetirement,KidSaving,SchoolAgain,driving,KidsFlyUp,yes
42,male,,frequent,home,english,Master,others,others,yes,yes,privateEemployee,digi,north_mal,condominium,2,4520,132329,PersonalRetirement,KidEducation,SchoolAgain,driving,XEdu,yes
20,male,single,once_in_a_while,home,malay,Diploma,malay,Malaysian,yes,yes,employer,digi,north_mal,flat,2,9649,115592,PersonalSaving,KidMedical,COVIDFree,driving,XEdu,yes
28,male,single,frequent,pub_goer,english,Bachelor,malay,Malaysian,yes,yes,govServant,maxis,central_mal,terrace,2,4776,122010,PersonalMedical,KidEducation,HomeSafe,publicTransport,NoMoneyDown,yes
40,male,single,sometimes,pub_goer,malay,Bachelor,others,Malaysian,yes,no,govServant,celcom,central_mal,condominium,,2625,,PersonalSaving,KidEducation,SchoolAgain,driving,XEdu,yes
23,male,single,frequent,outdoor,malay,PhD,malay,,yes,no,govServant,digi,south_mal,terrace,3,6271,137283,PersonalSaving,KidSaving,SchoolAgain,driving,KidsFlyUp,yes
25,male,,once_in_a_while,pub_goer,malay,Bachelor,malay,,yes,yes,,digi,south_mal,terrace,2,,,PersonalMedical,KidEducation,HomeSafe,driving,NoMoneyDown,yes
18,male,single,,pub_goer,malay,Bachelor,malay,Malaysian,no,no,privateEemployee,maxis,north_mal,condominium,,,,PersonalRetirement,KidEducation,SchoolAgain,publicTransport,XEdu,no
22,male,married,sometimes,pub_goer,mandarin,Bachelor,malay,Malaysian,yes,yes,govServant,celcom,north_mal,condominium,,8954,80167,PersonalSaving,KidEducation,COVIDFree,driving,NoMoneyDown,no
20,male,married,frequent,home,malay,PhD,malay,Malaysian,yes,no,,celcom,central_mal,flat,3,10161,,PersonalSaving,KidMedical,HomeSafe,driving,KidsFlyUp,yes
40,male,single,,pub_goer,mandarin,Diploma,malay,Malaysian,yes,no,govServant,digi,central_mal,flat,2,,,PersonalSaving,KidEducation,SchoolAgain,driving,NoMoneyDown,no
35,female,single,sometimes,home,english,Bachelor,others,Malaysian,yes,yes,selfEmployed,umobile,north_mal,flat,2,2987,158069,PersonalRetirement,KidSaving,SchoolAgain,publicTransport,XEdu,yes
33,female,married,sometimes,home,mandarin,Bachelor,malay,Malaysian,yes,no,,digi,south_mal,condominium,2,6483,,PersonalMedical,KidMedical,HomeSafe,driving,XEdu,yes
,male,,sometimes,home,malay,Bachelor,malay,,yes,no,privateEemployee,maxis,south_mal,condominium,,,182072,PersonalRetirement,KidEducation,HomeSafe,driving,KidsFlyUp,yes
32,male,single,sometimes,home,malay,Master,chinese,Malaysian,no,yes,privateEemployee,maxis,south_mal,bungalow,2,2959,198358,PersonalRetirement,KidMedical,SchoolAgain,publicTransport,KidsFlyUp,no
35,female,married,sometimes,home,malay,Bachelor,indian,,yes,no,privateEemployee,digi,,condominium,,9902,143599,PersonalSaving,KidSaving,HomeSafe,publicTransport,XEdu,no
41,female,,frequent,home,malay,Bachelor,others,Malaysian,no,yes,selfEmployed,digi,east_mal,terrace,2,4390,152991,PersonalMedical,KidMedical,COVIDFree,publicTransport,KidsFlyUp,yes
44,female,single,,home,malay,Master,others,,no,no,govServant,celcom,east_mal,terrace,2,8082,104632,PersonalMedical,KidEducation,COVIDFree,driving,XEdu,yes
44,female,,frequent,home,malay,Diploma,chinese,others,yes,no,,digi,central_mal,terrace,,,104434,PersonalSaving,KidEducation,HomeSafe,driving,KidsFlyUp,no
19,female,married,frequent,home,english,Bachelor,malay,Malaysian,no,yes,govServant,celcom,central_mal,flat,2,2522,,PersonalMedical,KidSaving,SchoolAgain,driving,XEdu,no
21,male,married,once_in_a_while,home,malay,PhD,others,others,yes,no,employer,maxis,north_mal,flat,2,5100,193073,PersonalRetirement,KidMedical,SchoolAgain,publicTransport,KidsFlyUp,yes
42,female,,frequent,pub_goer,english,Master,chinese,,yes,yes,privateEemployee,umobile,south_mal,terrace,2,8235,,PersonalMedical,KidSaving,SchoolAgain,driving,XEdu,no
24,male,married,sometimes,home,malay,Bachelor,others,Malaysian,yes,yes,govServant,umobile,south_mal,terrace,2,2910,101141,PersonalMedical,KidSaving,SchoolAgain,driving,XEdu,yes
30,female,married,sometimes,pub_goer,english,PhD,indian,Malaysian,yes,no,selfEmployed,digi,north_mal,condominium,3,6590,,PersonalMedical,KidEducation,SchoolAgain,driving,XEdu,no
33,female,single,frequent,home,english,Diploma,indian,Malaysian,yes,no,,digi,,terrace,,,91744,PersonalSaving,KidEducation,SchoolAgain,driving,NoMoneyDown,yes
34,female,,once_in_a_while,home,malay,Master,others,,no,no,employer,digi,central_mal,flat,,3017,,PersonalMedical,KidSaving,SchoolAgain,driving,XEdu,no
,male,married,frequent,outdoor,english,Bachelor,malay,others,yes,no,selfEmployed,digi,,terrace,2,9712,58419,PersonalMedical,KidMedical,COVIDFree,driving,KidsFlyUp,yes
26,male,,frequent,pub_goer,malay,Bachelor,indian,Malaysian,yes,yes,,celcom,,condominium,2,7226,119502,PersonalMedical,KidMedical,COVIDFree,driving,KidsFlyUp,yes
37,male,,,home,malay,Bachelor,indian,,no,no,govServant,umobile,central_mal,bungalow,3,,,PersonalSaving,KidEducation,SchoolAgain,driving,NoMoneyDown,no
40,male,single,once_in_a_while,outdoor,english,Bachelor,chinese,Malaysian,no,no,govServant,celcom,east_mal,flat,3,,100111,PersonalMedical,KidEducation,HomeSafe,driving,XEdu,yes
33,female,single,frequent,home,mandarin,Master,malay,others,yes,no,,maxis,central_mal,flat,2,,121915,PersonalSaving,KidEducation,SchoolAgain,driving,NoMoneyDown,yes
20,male,single,,home,malay,Diploma,indian,others,yes,no,privateEemployee,celcom,north_mal,flat,2,6373,177366,PersonalRetirement,KidEducation,SchoolAgain,driving,XEdu,no
37,male,single,sometimes,home,malay,PhD,chinese,Malaysian,yes,yes,govServant,maxis,east_mal,flat,2,5121,78008,PersonalMedical,KidEducation,COVIDFree,publicTransport,NoMoneyDown,yes
42,female,single,once_in_a_while,pub_goer,malay,Bachelor,,,no,yes,privateEemployee,celcom,central_mal,condominium,,,177362,PersonalSaving,KidSaving,SchoolAgain,driving,NoMoneyDown,yes
31,male,married,frequent,pub_goer,mandarin,Bachelor,,others,yes,no,privateEemployee,umobile,central_mal,terrace,2,6912,64035,PersonalRetirement,KidEducation,SchoolAgain,publicTransport,XEdu,yes
34,male,single,frequent,pub_goer,malay,Diploma,chinese,Malaysian,yes,no,govServant,celcom,,terrace,3,,171654,PersonalMedical,KidMedical,SchoolAgain,driving,XEdu,yes
,male,,,home,english,Bachelor,malay,others,yes,no,,maxis,central_mal,flat,3,7918,99664,PersonalMedical,KidEducation,COVIDFree,driving,XEdu,yes
41,male,married,frequent,pub_goer,malay,Bachelor,chinese,Malaysian,no,yes,selfEmployed,maxis,south_mal,flat,,3001,94437,PersonalRetirement,KidEducation,HomeSafe,publicTransport,KidsFlyUp,yes
32,male,married,frequent,home,english,Master,malay,Malaysian,yes,no,,digi,central_mal,terrace,3,9361,95645,PersonalMedical,KidEducation,HomeSafe,driving,NoMoneyDown,yes
,male,married,sometimes,outdoor,malay,Bachelor,indian,Malaysian,yes,no,privateEemployee,maxis,east_mal,bungalow,2,7537,172462,PersonalRetirement,KidMedical,SchoolAgain,driving,XEdu,no
,female,,frequent,outdoor,malay,Diploma,indian,Malaysian,no,no,,digi,east_mal,terrace,3,4921,,PersonalMedical,KidMedical,HomeSafe,driving,XEdu,yes
25,female,single,frequent,home,malay,Bachelor,malay,,yes,no,privateEemployee,celcom,south_mal,terrace,2,7377,93191,PersonalSaving,KidSaving,SchoolAgain,publicTransport,NoMoneyDown,yes
27,male,,frequent,pub_goer,malay,Master,chinese,Malaysian,yes,no,selfEmployed,umobile,central_mal,bungalow,2,3561,192383,PersonalRetirement,KidSaving,COVIDFree,driving,XEdu,no
24,male,,,pub_goer,malay,Bachelor,chinese,,yes,yes,,digi,central_mal,bungalow,3,,59201,PersonalRetirement,KidMedical,COVIDFree,publicTransport,KidsFlyUp,no
27,female,single,frequent,home,malay,Bachelor,malay,Malaysian,yes,no,,umobile,east_mal,flat,2,7054,157407,PersonalMedical,KidMedical,SchoolAgain,driving,KidsFlyUp,yes
,male,married,sometimes,outdoor,mandarin,Bachelor,,,yes,yes,privateEemployee,umobile,north_mal,terrace,3,10322,,PersonalRetirement,KidEducation,HomeSafe,publicTransport,KidsFlyUp,yes
38,female,married,frequent,pub_goer,english,Diploma,indian,Malaysian,no,yes,govServant,digi,,bungalow,2,9932,129630,PersonalSaving,KidEducation,HomeSafe,driving,XEdu,no
25,male,married,frequent,home,malay,PhD,others,Malaysian,yes,no,,maxis,north_mal,flat,3,10218,,PersonalMedical,KidEducation,SchoolAgain,driving,KidsFlyUp,no
41,female,single,,home,english,Bachelor,chinese,,no,no,selfEmployed,celcom,north_mal,condominium,2,4162,,PersonalMedical,KidEducation,COVIDFree,driving,KidsFlyUp,no
31,male,married,,outdoor,malay,Bachelor,others,Malaysian,yes,yes,employer,digi,central_mal,condominium,2,,183318,PersonalRetirement,KidEducation,SchoolAgain,driving,NoMoneyDown,yes
18,female,,once_in_a_while,pub_goer,malay,Bachelor,malay,Malaysian,yes,no,,umobile,central_mal,terrace,2,,169109,PersonalRetirement,KidEducation,COVIDFree,driving,KidsFlyUp,no
19,male,married,frequent,home,mandarin,Master,chinese,,yes,yes,employer,celcom,south_mal,condominium,2,7316,138320,PersonalMedical,KidSaving,SchoolAgain,driving,XEdu,yes
,female,married,once_in_a_while,pub_goer,mandarin,Diploma,others,others,no,no,employer,celcom,,terrace,,,113710,PersonalRetirement,KidMedical,HomeSafe,driving,NoMoneyDown,no
,male,married,sometimes,home,malay,Bachelor,indian,Malaysian,yes,no,,digi,central_mal,flat,3,7961,48127,PersonalMedical,KidEducation,COVIDFree,publicTransport,NoMoneyDown,yes
33,male,single,sometimes,home,english,Bachelor,chinese,Malaysian,yes,yes,selfEmployed,digi,east_mal,condominium,,,170748,PersonalSaving,KidSaving,SchoolAgain,driving,XEdu,yes
25,female,single,once_in_a_while,home,malay,Bachelor,,,yes,no,govServant,celcom,south_mal,bungalow,2,,64516,PersonalSaving,KidEducation,SchoolAgain,driving,XEdu,yes
25,female,,once_in_a_while,pub_goer,english,Bachelor,chinese,Malaysian,yes,yes,govServant,umobile,,terrace,2,8267,178275,PersonalMedical,KidEducation,COVIDFree,driving,KidsFlyUp,yes
33,female,,frequent,outdoor,mandarin,Bachelor,chinese,,yes,no,employer,maxis,central_mal,bungalow,2,4682,53348,PersonalSaving,KidMedical,HomeSafe,driving,XEdu,no
24,female,married,,outdoor,malay,Bachelor,malay,Malaysian,yes,no,govServant,celcom,,terrace,2,3689,,PersonalMedical,KidEducation,COVIDFree,driving,XEdu,yes
22,female,single,once_in_a_while,pub_goer,english,Diploma,malay,,yes,yes,selfEmployed,digi,north_mal,bungalow,2,,65853,PersonalMedical,KidEducation,SchoolAgain,driving,XEdu,yes
23,male,married,,outdoor,malay,Diploma,malay,Malaysian,yes,yes,privateEemployee,umobile,east_mal,terrace,3,,98919,PersonalSaving,KidMedical,SchoolAgain,publicTransport,NoMoneyDown,yes
23,female,,once_in_a_while,home,english,Bachelor,,,yes,yes,privateEemployee,maxis,central_mal,flat,2,7369,148171,PersonalRetirement,KidEducation,SchoolAgain,publicTransport,KidsFlyUp,yes
25,male,single,sometimes,home,mandarin,Bachelor,,others,yes,yes,employer,umobile,east_mal,condominium,,3335,73166,PersonalRetirement,KidEducation,HomeSafe,driving,XEdu,no
29,male,single,frequent,home,english,Bachelor,others,others,yes,yes,privateEemployee,celcom,south_mal,condominium,2,2611,184267,PersonalRetirement,KidEducation,SchoolAgain,publicTransport,XEdu,yes
23,female,single,frequent,pub_goer,malay,Bachelor,indian,Malaysian,yes,no,,maxis,east_mal,terrace,3,5844,,PersonalMedical,KidSaving,COVIDFree,driving,XEdu,yes
29,male,single,frequent,pub_goer,english,PhD,chinese,,yes,no,,digi,central_mal,condominium,3,4606,69888,PersonalSaving,KidSaving,SchoolAgain,publicTransport,XEdu,yes
42,female,single,sometimes,pub_goer,english,Bachelor,others,Malaysian,yes,no,privateEemployee,maxis,,condominium,3,,,PersonalRetirement,KidEducation,HomeSafe,driving,NoMoneyDown,yes
,male,,,home,malay,PhD,malay,Malaysian,yes,yes,privateEemployee,maxis,central_mal,condominium,2,4715,139923,PersonalRetirement,KidMedical,COVIDFree,driving,XEdu,yes
,female,married,frequent,home,malay,Bachelor,indian,others,yes,yes,,umobile,,flat,2,,123158,PersonalSaving,KidEducation,SchoolAgain,driving,KidsFlyUp,yes
21,male,married,sometimes,outdoor,mandarin,Bachelor,others,,yes,yes,,maxis,south_mal,flat,,8672,,PersonalRetirement,KidMedical,SchoolAgain,driving,NoMoneyDown,yes
19,male,married,frequent,home,mandarin,Bachelor,,Malaysian,no,no,employer,umobile,south_mal,flat,,8859,198479,PersonalRetirement,KidEducation,SchoolAgain,publicTransport,NoMoneyDown,no
22,female,single,sometimes,pub_goer,malay,Diploma,chinese,others,no,yes,employer,maxis,south_mal,flat,3,8791,131336,PersonalRetirement,KidEducation,COVIDFree,driving,XEdu,no
32,male,single,,home,malay,Bachelor,,Malaysian,no,no,privateEemployee,umobile,central_mal,condominium,3,,69587,PersonalSaving,KidEducation,SchoolAgain,driving,XEdu,yes
27,male,,sometimes,pub_goer,mandarin,Bachelor,others,,yes,yes,,digi,east_mal,terrace,3,8524,118419,PersonalRetirement,KidMedical,SchoolAgain,driving,KidsFlyUp,no
21,male,single,sometimes,pub_goer,english,Bachelor,malay,Malaysian,yes,yes,govServant,celcom,central_mal,flat,,,159549,PersonalMedical,KidEducation,SchoolAgain,driving,NoMoneyDown,yes
,female,single,sometimes,outdoor,mandarin,Diploma,others,,yes,no,selfEmployed,umobile,central_mal,terrace,3,5074,,PersonalMedical,KidEducation,SchoolAgain,driving,NoMoneyDown,yes
36,male,married,sometimes,outdoor,mandarin,Bachelor,,others,yes,yes,,celcom,south_mal,terrace,2,6595,129601,PersonalMedical,KidMedical,COVIDFree,publicTransport,NoMoneyDown,no
27,male,single,sometimes,home,malay,Bachelor,malay,others,no,yes,govServant,umobile,central_mal,terrace,3,5064,186504,PersonalSaving,KidSaving,HomeSafe,publicTransport,XEdu,yes
25,female,single,sometimes,pub_goer,english,Bachelor,,others,yes,yes,privateEemployee,umobile,east_mal,terrace,2,3402,,PersonalRetirement,KidMedical,SchoolAgain,driving,NoMoneyDown,yes
39,female,married,once_in_a_while,home,english,Bachelor,malay,Malaysian,yes,no,selfEmployed,digi,central_mal,flat,3,10367,101041,PersonalMedical,KidMedical,SchoolAgain,publicTransport,NoMoneyDown,no
22,male,single,frequent,outdoor,mandarin,Bachelor,,Malaysian,yes,no,privateEemployee,celcom,central_mal,terrace,3,5077,,PersonalSaving,KidSaving,COVIDFree,publicTransport,NoMoneyDown,no
31,female,single,once_in_a_while,home,malay,Bachelor,indian,Malaysian,yes,yes,govServant,maxis,east_mal,terrace,3,5856,173279,PersonalMedical,KidSaving,SchoolAgain,publicTransport,KidsFlyUp,yes
20,male,,sometimes,pub_goer,malay,Bachelor,malay,Malaysian,yes,yes,privateEemployee,digi,east_mal,terrace,3,4388,134236,PersonalRetirement,KidSaving,SchoolAgain,driving,NoMoneyDown,yes
40,female,married,sometimes,home,english,Bachelor,malay,,yes,yes,,celcom,south_mal,terrace,,6140,61838,PersonalRetirement,KidMedical,HomeSafe,driving,NoMoneyDown,no
18,female,single,sometimes,pub_goer,english,Diploma,chinese,others,no,yes,privateEemployee,digi,north_mal,terrace,3,3655,,PersonalRetirement,KidSaving,HomeSafe,driving,KidsFlyUp,no
,female,,,pub_goer,mandarin,Bachelor,malay,,yes,no,employer,maxis,south_mal,flat,3,,,PersonalSaving,KidMedical,COVIDFree,driving,NoMoneyDown,yes
,female,,frequent,home,malay,Master,chinese,Malaysian,yes,yes,,umobile,central_mal,flat,3,,72624,PersonalRetirement,KidMedical,SchoolAgain,driving,KidsFlyUp,yes
33,female,,once_in_a_while,outdoor,english,Bachelor,malay,,yes,yes,privateEemployee,umobile,north_mal,flat,3,7105,126215,PersonalMedical,KidEducation,COVIDFree,driving,KidsFlyUp,yes
31,male,,sometimes,home,mandarin,Bachelor,,,yes,yes,,celcom,central_mal,flat,3,8145,182143,PersonalRetirement,KidEducation,SchoolAgain,driving,NoMoneyDown,no
24,female,,sometimes,home,mandarin,Diploma,others,Malaysian,yes,no,govServant,celcom,south_mal,flat,,,195473,PersonalMedical,KidEducation,HomeSafe,driving,XEdu,no
24,female,married,sometimes,home,malay,Bachelor,chinese,,yes,yes,govServant,digi,north_mal,flat,3,3964,73953,PersonalMedical,KidMedical,SchoolAgain,publicTransport,KidsFlyUp,no
,female,married,frequent,pub_goer,mandarin,Diploma,,Malaysian,yes,yes,employer,maxis,south_mal,condominium,3,7191,,PersonalRetirement,KidEducation,SchoolAgain,driving,KidsFlyUp,yes
23,male,single,frequent,outdoor,english,Master,chinese,Malaysian,no,no,,umobile,central_mal,terrace,3,6063,165083,PersonalSaving,KidMedical,COVIDFree,driving,KidsFlyUp,yes
33,female,single,frequent,outdoor,english,Master,malay,,yes,yes,govServant,umobile,north_mal,flat,3,,141127,PersonalMedical,KidMedical,SchoolAgain,publicTransport,XEdu,no
,female,married,sometimes,pub_goer,english,Bachelor,chinese,Malaysian,yes,no,selfEmployed,digi,central_mal,bungalow,2,6897,99576,PersonalSaving,KidSaving,SchoolAgain,driving,NoMoneyDown,no
,male,,sometimes,home,malay,Bachelor,indian,Malaysian,yes,no,privateEemployee,umobile,south_mal,flat,2,3628,,PersonalSaving,KidEducation,SchoolAgain,driving,NoMoneyDown,yes
,male,married,sometimes,home,english,Bachelor,malay,Malaysian,yes,yes,govServant,maxis,,terrace,3,7148,58303,PersonalMedical,KidEducation,SchoolAgain,driving,KidsFlyUp,yes
28,male,married,,home,english,Bachelor,,,yes,no,govServant,digi,north_mal,flat,,2605,,PersonalRetirement,KidEducation,SchoolAgain,driving,XEdu,no
31,male,married,frequent,home,english,Bachelor,,Malaysian,yes,no,,maxis,,bungalow,,3000,,PersonalRetirement,KidMedical,HomeSafe,driving,XEdu,yes
32,male,,once_in_a_while,pub_goer,english,Master,indian,others,no,yes,employer,celcom,north_mal,terrace,2,,193484,PersonalRetirement,KidMedical,HomeSafe,publicTransport,NoMoneyDown,no
24,male,single,sometimes,pub_goer,mandarin,Diploma,,,yes,yes,govServant,digi,north_mal,terrace,2,7068,145542,PersonalRetirement,KidEducation,SchoolAgain,publicTransport,NoMoneyDown,yes
21,female,single,frequent,home,malay,Bachelor,,Malaysian,yes,yes,,celcom,north_mal,bungalow,3,4110,66011,PersonalMedical,KidSaving,SchoolAgain,driving,KidsFlyUp,yes
19,male,married,,outdoor,english,Bachelor,malay,Malaysian,yes,yes,employer,maxis,central_mal,terrace,3,,69324,PersonalMedical,KidEducation,HomeSafe,driving,KidsFlyUp,yes
24,male,single,frequent,pub_goer,mandarin,Bachelor,malay,,yes,yes,privateEemployee,umobile,central_mal,condominium,,3296,63558,PersonalMedical,KidMedical,SchoolAgain,publicTransport,XEdu,yes
32,male,married,sometimes,home,english,Bachelor,,,no,yes,employer,umobile,east_mal,condominium,3,5223,93650,PersonalSaving,KidMedical,HomeSafe,publicTransport,KidsFlyUp,yes
23,male,single,,home,mandarin,Bachelor,,Malaysian,yes,no,,digi,central_mal,terrace,2,7555,114485,PersonalRetirement,KidEducation,SchoolAgain,driving,XEdu,no
29,male,single,,pub_goer,malay,Bachelor,malay,others,yes,no,privateEemployee,digi,central_mal,bungalow,,4509,,PersonalMedical,KidSaving,SchoolAgain,publicTransport,XEdu,yes
43,female,single,frequent,home,english,Bachelor,chinese,others,yes,no,selfEmployed,umobile,central_mal,terrace,3,6727,181761,PersonalMedical,KidMedical,SchoolAgain,driving,XEdu,no
33,male,married,sometimes,pub_goer,english,Bachelor,others,Malaysian,yes,yes,employer,maxis,central_mal,condominium,3,,59539,PersonalMedical,KidEducation,SchoolAgain,driving,KidsFlyUp,no
,male,single,once_in_a_while,pub_goer,malay,Master,malay,Malaysian,no,yes,govServant,celcom,north_mal,terrace,3,4377,,PersonalRetirement,KidEducation,HomeSafe,driving,NoMoneyDown,yes
42,male,married,once_in_a_while,home,mandarin,Diploma,others,Malaysian,yes,yes,govServant,maxis,east_mal,terrace,2,,87648,PersonalSaving,KidMedical,COVIDFree,publicTransport,XEdu,no
36,female,married,frequent,home,malay,Bachelor,others,Malaysian,yes,yes,privateEemployee,maxis,central_mal,flat,2,4037,66996,PersonalMedical,KidMedical,COVIDFree,driving,KidsFlyUp,yes
,female,married,,home,english,Master,malay,others,yes,no,selfEmployed,umobile,north_mal,flat,2,10003,113792,PersonalSaving,KidMedical,COVIDFree,driving,XEdu,no
,male,single,frequent,pub_goer,malay,Master,chinese,,yes,yes,,digi,north_mal,bungalow,,8548,97289,PersonalMedical,KidMedical,COVIDFree,publicTransport,NoMoneyDown,yes
38,female,,sometimes,home,malay,Diploma,,,yes,no,govServant,maxis,north_mal,terrace,2,5717,84607,PersonalSaving,KidEducation,SchoolAgain,publicTransport,XEdu,yes
,male,,frequent,home,malay,Diploma,malay,Malaysian,yes,no,privateEemployee,maxis,central_mal,flat,,6740,,PersonalSaving,KidMedical,SchoolAgain,driving,XEdu,yes
24,male,single,once_in_a_while,pub_goer,english,Bachelor,chinese,Malaysian,yes,yes,govServant,umobile,,terrace,3,7523,51782,PersonalSaving,KidMedical,SchoolAgain,driving,KidsFlyUp,yes
31,female,single,frequent,home,english,Bachelor,,,no,yes,,digi,central_mal,condominium,3,4755,60828,PersonalMedical,KidEducation,SchoolAgain,driving,KidsFlyUp,yes
38,female,married,,pub_goer,malay,Diploma,chinese,Malaysian,yes,no,employer,digi,east_mal,flat,3,,196035,PersonalRetirement,KidEducation,SchoolAgain,driving,NoMoneyDown,yes
39,female,married,sometimes,pub_goer,english,Bachelor,indian,Malaysian,yes,yes,privateEemployee,digi,east_mal,flat,3,5484,100216,PersonalMedical,KidMedical,HomeSafe,driving,NoMoneyDown,yes
20,male,married,frequent,pub_goer,mandarin,Diploma,others,Malaysian,yes,yes,privateEemployee,maxis,central_mal,condominium,3,,60748,PersonalMedical,KidSaving,SchoolAgain,driving,XEdu,yes
33,male,,frequent,home,mandarin,Bachelor,,Malaysian,yes,yes,govServant,umobile,south_mal,flat,3,,190707,PersonalSaving,KidSaving,COVIDFree,publicTransport,NoMoneyDown,yes
37,male,single,sometimes,outdoor,english,Bachelor,,Malaysian,no,no,,maxis,central_mal,terrace,3,4484,,PersonalMedical,KidEducation,SchoolAgain,driving,KidsFlyUp,no
,male,single,sometimes,home,english,Bachelor,malay,,yes,yes,privateEemployee,maxis,east_mal,flat,3,8065,59421,PersonalSaving,KidEducation,HomeSafe,driving,KidsFlyUp,yes
44,female,married,,home,mandarin,Bachelor,,,yes,no,privateEemployee,maxis,central_mal,terrace,3,10373,50169,PersonalRetirement,KidEducation,HomeSafe,driving,XEdu,yes
27,male,,sometimes,pub_goer,english,Diploma,indian,Malaysian,yes,yes,privateEemployee,maxis,north_mal,condominium,,9556,122309,PersonalMedical,KidMedical,SchoolAgain,driving,NoMoneyDown,yes
32,female,married,frequent,pub_goer,english,Bachelor,malay,others,yes,no,govServant,umobile,east_mal,condominium,3,3951,95692,PersonalMedical,KidMedical,SchoolAgain,publicTransport,KidsFlyUp,yes
35,male,single,once_in_a_while,outdoor,mandarin,Bachelor,,Malaysian,yes,yes,govServant,maxis,central_mal,bungalow,,,143183,PersonalSaving,KidEducation,SchoolAgain,driving,XEdu,yes
,female,single,frequent,pub_goer,english,Bachelor,chinese,Malaysian,no,no,govServant,maxis,,flat,3,4384,76952,PersonalMedical,KidMedical,SchoolAgain,driving,XEdu,no
42,female,single,sometimes,pub_goer,english,Master,,Malaysian,yes,no,privateEemployee,maxis,central_mal,terrace,3,6189,,PersonalMedical,KidEducation,HomeSafe,driving,XEdu,yes
19,female,married,sometimes,outdoor,english,Bachelor,malay,,yes,no,privateEemployee,digi,east_mal,condominium,3,8080,,PersonalRetirement,KidEducation,SchoolAgain,publicTransport,KidsFlyUp,yes
26,male,,frequent,home,malay,Bachelor,chinese,Malaysian,yes,no,privateEemployee,celcom,central_mal,flat,3,9036,,PersonalMedical,KidMedical,SchoolAgain,publicTransport,XEdu,yes
27,female,,,pub_goer,mandarin,Bachelor,malay,Malaysian,yes,no,privateEemployee,celcom,central_mal,flat,3,,109635,PersonalSaving,KidEducation,HomeSafe,driving,KidsFlyUp,yes
21,female,married,frequent,pub_goer,malay,Master,others,,yes,no,,umobile,central_mal,condominium,,3995,,PersonalRetirement,KidEducation,SchoolAgain,driving,XEdu,yes
41,male,single,frequent,pub_goer,malay,Bachelor,indian,Malaysian,yes,yes,,maxis,,condominium,3,,96264,PersonalMedical,KidEducation,SchoolAgain,driving,NoMoneyDown,no
42,female,single,frequent,home,english,Bachelor,malay,Malaysian,no,no,,digi,east_mal,terrace,2,,106401,PersonalMedical,KidEducation,HomeSafe,driving,NoMoneyDown,yes
28,female,single,,home,english,Bachelor,indian,Malaysian,no,yes,,maxis,east_mal,terrace,3,8053,,PersonalRetirement,KidMedical,SchoolAgain,driving,XEdu,no
21,male,,sometimes,pub_goer,malay,PhD,,Malaysian,yes,yes,govServant,digi,,flat,,,48224,PersonalRetirement,KidMedical,HomeSafe,publicTransport,NoMoneyDown,no
31,female,,frequent,home,english,Master,others,Malaysian,yes,yes,,celcom,central_mal,terrace,,5148,57848,PersonalRetirement,KidEducation,SchoolAgain,driving,KidsFlyUp,no
34,female,married,frequent,pub_goer,mandarin,Bachelor,others,others,yes,yes,govServant,maxis,south_mal,flat,3,8281,73047,PersonalSaving,KidMedical,HomeSafe,driving,NoMoneyDown,yes
21,female,single,frequent,home,malay,Master,chinese,,yes,no,,maxis,central_mal,bungalow,2,6980,,PersonalSaving,KidMedical,SchoolAgain,driving,XEdu,no
19,male,,frequent,pub_goer,mandarin,Bachelor,,Malaysian,yes,yes,selfEmployed,digi,central_mal,terrace,3,3341,,PersonalMedical,KidSaving,SchoolAgain,driving,XEdu,yes
,male,married,frequent,outdoor,malay,Bachelor,malay,Malaysian,yes,no,,celcom,central_mal,flat,3,,89577,PersonalSaving,KidMedical,COVIDFree,driving,KidsFlyUp,yes
36,female,single,frequent,home,malay,Bachelor,chinese,Malaysian,yes,yes,govServant,umobile,central_mal,terrace,3,7066,77951,PersonalSaving,KidEducation,SchoolAgain,publicTransport,XEdu,no
23,female,,,pub_goer,english,Master,chinese,Malaysian,yes,no,govServant,celcom,central_mal,condominium,3,2624,72931,PersonalRetirement,KidMedical,SchoolAgain,publicTransport,XEdu,yes
35,male,married,sometimes,pub_goer,mandarin,Bachelor,indian,Malaysian,yes,yes,privateEemployee,digi,north_mal,terrace,3,8688,106672,PersonalMedical,KidSaving,HomeSafe,driving,KidsFlyUp,yes
24,male,single,frequent,home,malay,Bachelor,malay,Malaysian,yes,yes,,maxis,central_mal,flat,,6555,117135,PersonalMedical,KidEducation,COVIDFree,driving,KidsFlyUp,yes
21,female,married,sometimes,outdoor,mandarin,Bachelor,chinese,,no,yes,privateEemployee,maxis,central_mal,terrace,3,,,PersonalRetirement,KidEducation,SchoolAgain,driving,NoMoneyDown,no
,male,single,sometimes,pub_goer,english,Master,chinese,Malaysian,no,yes,govServant,umobile,central_mal,bungalow,,2949,182394,PersonalMedical,KidMedical,COVIDFree,driving,XEdu,no
,female,married,frequent,outdoor,english,Diploma,,,yes,yes,,digi,north_mal,terrace,2,4831,,PersonalRetirement,KidMedical,HomeSafe,driving,KidsFlyUp,yes
26,male,married,frequent,home,english,Bachelor,others,,no,no,selfEmployed,maxis,east_mal,condominium,,7455,65384,PersonalMedical,KidEducation,SchoolAgain,driving,KidsFlyUp,no
19,female,,frequent,home,malay,Diploma,others,,yes,no,,maxis,central_mal,condominium,2,3329,51962,PersonalSaving,KidEducation,COVIDFree,driving,KidsFlyUp,no
41,male,,once_in_a_while,pub_goer,malay,Bachelor,indian,Malaysian,yes,yes,privateEemployee,umobile,,terrace,3,9300,,PersonalRetirement,KidSaving,COVIDFree,driving,KidsFlyUp,no
39,male,single,sometimes,home,malay,Bachelor,chinese,,yes,yes,selfEmployed,umobile,south_mal,condominium,3,7500,,PersonalRetirement,KidEducation,HomeSafe,driving,KidsFlyUp,no