Title,Price,Stock,Descrption,Rating,Review,Brand
Canon PIXMA Printer CNN-E510,RM 309.00,Out Of Stock,"Print, Scan & Copy
Color Inkjet Printer
Resolution up to 4,800 x 1,200 dpi
449(W) x 304(D) x 152(H)mm
5.3kg",Not available,Not available,Canon
Canon Laser Shot CNN-LBP6030,RM 375.00,In Stock,"High speed print jobs
Low energy consumption
Sleep mode
Auto shut down feature
Requires adapter for power cable",Not available,Not available,Canon
SanDisk Ultra Flair USB 3.0 Flash Drive 32GB SD-CZ73-032G-G46,RM 31.00,Out Of Stock,"Capacity: 32 GB
Read Speed: up to 150 MB/s1
Generation: USB 3.0",Not available,Not available,SanDisk
Canon PIXMA All-in-One Printer CNN-E410,RM 239.00,Out Of Stock,"Print
Scan
Copy
All-In-One Printer
426(W) x 306(D) x 145(H)mm
3.4kg
Auto Power ON",Not available,Not available,Canon
SanDisk Ultra Dual Drive USB Type-C 32GB SD-DDC2-032G,RM 46.00,Out Of Stock,"Capacity: 32 GB
Read Speed: up to 150 MB/s
Interface: USB Type-C and USB Type-A connectors; USB 3.1 (Gen 1)",Not available,Not available,SanDisk
SanDisk Ultra Dual Drive USB Type-C 64GB SD-DDC2-064G,RM 70.00,Out Of Stock,"Capacity: 64 GB
Read Speed: up to 150 MB/s
Interface: USB Type-C and USB Type-A connectors; USB 3.1 (Gen 1)",Not available,Not available,SanDisk
Samsung 32GB EVO Plus microSD Card with SD Adapter SAM-MB-MC32GA/APC,RM 39.00,Out Of Stock,"For great quality photos and Full HD video recording
Up to 95MB/s read and 20MB/s write speeds
UHSI Speed Class 1 (U1), Class 10",Not available,Not available,Samsung
Samsung 64GB EVO Plus microSD Card with SD Adapter SAM-MB-MC64GA/APC,RM 59.00,Out Of Stock,"64GB EVO Plus microSD Card 100 MB/s with SD Adapter
Perfect for 4K UHD video recording & playback
Up to 100MB/s read and up to 90MB/s write speeds",Not available,Not available,Samsung
Apple USB-C to USB Adapter,RM 99.00,In Stock,Not available,Not available,Not available,Apple
Apple USB-C VGA Multiport Adapter,RM 349.00,In Stock,USB-C VGA Multiport Adapter,Not available,Not available,Apple
Microsoft Surface Mouse (Silver) MS-MIC-WS3-00005,RM 241.00,In Stock,"Bluetooth® 4.0
2.4 GHz frequency range
32.8 feet (10 meters) in open area and 16.4 feet (5 meters) in office environment
Microsoft Windows 10 / 8.1 / 8; Must be BT4.0 enabled
Up to 12 months battery life",Not available,Not available,Microsoft
SanDisk 32GB Ultra Fit™ USB 3.1 Flash Drive SDCZ430-032G-G46,RM 31.00,Out Of Stock,"Compact, plug-and-stay, high-speed
Ideal for adding more storage to laptops, game consoles, in-car audio
Read speeds up to 130MB/s
Write up to 15X faster than standard USB 2.0 drives
Move full-length movie to the drive in less than 30 seconds
SanDisk SecureAccess® software",Not available,Not available,SanDisk
Microsoft 365 Family MS-6GQ-01144,RM 368.00,In Stock,"Share with your entire family – for up to 6 people
For use on multiple PCs/Macs, tablets, and phones (including Windows, iOS, and Android*)
Premium versions of Word, Excel, PowerPoint and Outlook, plus Publisher and Access for PC only
1TB OneDrive cloud storage with advanced security per person
Collaborate on documents with others online",Not available,Not available,Microsoft
Rapoo Optical Mouse N1020 (Black),RM 19.00,In Stock,"Easy installation
1000 DPI tracking engine
Anti-slip scroll wheel
Full-size, ambidextrous design",Not available,Not available,Rapoo
MSI Gaming Head Set Immerse GH70 Mystic Light RGB,RM 549.00,Out Of Stock,"Hi-Res certification guarantees the highest sound quality
Enhanced Virtual 7.1 Surround Sound
Amazing LED Light Effect
Smart Audio Controller
Choose from millions of colors with RGB Mystic Light
Fine-tune detailed settings with Gaming Center
Comes fully geared up with all accessories and carry pouch in the box",Not available,Not available,MSI
MSI Clutch GM60 RGB Gaming Optical Mouse,RM 434.00,In Stock,Fully Customizable Look & Feel,Not available,Not available,MSI
Canon Pixma E470 Multifunction Wireless Printer,RM 329.00,Out Of Stock,"Lower Cost Cartridges
Mobile and Cloud Printing
Auto Power ON/OFF",Not available,Not available,Canon
Microsoft Surface Pen,RM 399.00,In Stock,"Compatible with:
Surface Pro 1, Surface Pro 4, Surface Pro 3, Surface 3
Barrel button and tail eraser
1 x AAAA battery (included)
Bluetooth 4.0",Not available,Not available,Microsoft
Microsoft Surface Pro 7,"RM 3,999.00 - RM 9,199.00",In Stock,"*We are Microsoft Authorized Reseller

Windows 10 Home
PixelSense Display
Intel Iris Plus Graphics
10th Gen Processor",Not available,Not available,Microsoft
Microsoft Surface Laptop 3,"RM 4,249.00 - RM 7,266.00",In Stock,*We are Microsoft Authorized Reseller,Not available,Not available,Microsoft
Microsoft Surface Pro X (Black) LTE Version,"RM 4,599.00 - RM 7,499.00",In Stock,"*We are Microsoft Authorized Reseller

Windows 10 Home
13” PixelSense™ Display
Microsoft Office 365 30-day trial
Microsoft® SQ1™ Adreno™ 685 GPU",Not available,Not available,Microsoft
Microsoft Surface Pro X Keyboard Black MIC-QJW-00015,RM 639.00,In Stock,"QWERTY Layout 
Full-row of function keys (F1 -F12)
Moving (mechanical) keys
Magnetic Interface",Not available,Not available,Microsoft
Microsoft Surface Pro X Keyboard + Slim Pen Black MIC-25O-00015,"RM 1,219.00",Out Of Stock,"Surface Pro X Compatible
Moving (mechanical) keys
QWERTY Layout
Full row of function keys (F1 -F12)
Surface Slim Pen storage and charging
Black Alcantara® Exterior",Not available,Not available,Microsoft
Microsoft Surface Arc Mouse,RM 339.00,In Stock,"Microsoft Windows 10/8.1
Bluetooth 4.0 or higher
2.4 GHz frequency range",Not available,Not available,Microsoft
Microsoft Surface Mobile Mouse,RM 187.00,In Stock,"Compatibility Window 8.1 & Window 10
2.4GHz Frequency Range
78g include 2 AAA alkaline batteries
1 year limited hardware warranty",Not available,Not available,Microsoft
Microsoft Surface Go Signature Type Cover,RM 420.00 - RM 578.00,In Stock,"QWERTY keyboard with full row of function keys (F1-F12)
Backlit keys
Windows key and dedicated buttons for media controls, screen brightness
1.0mm travel
Extra-large glass trackpad",Not available,Not available,Microsoft
Microsoft Surface Pro Signature Type Cover,RM 499.00 - RM 639.00,In Stock,"Supported platforms: Surface Pro 7, Surface Pro 3, Surface Pro 4, Surface Pro (5th Gen), and Surface Pro 6 devices
Dimensions: 11.60 x 8.54 x 0.20 in (295 x 217 x 5 mm)
Weight: 0.68 lbs (310 g)
Exterior Material: Alcantara for enhanced touch and feel on backside and palm rest area",Not available,Not available,Microsoft
Microsoft Surface Book 3,"RM 7,499.00 - RM 13,088.00",Out Of Stock,"*We are Microsoft Authorized Reseller

Performance Meet Versatility
Built For Performance
As Dynamic As You
Innovation In Every Detail
The Best Of Microsoft",Not available,Not available,Microsoft
HUAWEI WiFi AX3 (Quad-Core),RM 299.00,Out Of Stock,"Wifi 6
Fast And Wide Coverage
Quad-core Wi-Fi 6 Plus Revolution
3,000 Mbps
Huawei Share
Huawei HomeSec™",Not available,Not available,HUAWEI
HP ENVY x360 Laptop 13.3 Inch (8GB RAM/512GB SSD/AMD R5-4500U),"RM 3,699.00",Out Of Stock,"13.3-inch
8GB RAM
512GB SSD
AMD R5-4500U",Not available,Not available,HP
HP DeskJet Ink Advantage 2336 All-in-One Printer,RM 215.00,Out Of Stock,"Color
Print, copy, scan
1 Hi-Speed USB 2.0
Ink",Not available,Not available,HP
TP-Link Deco M5 AC1500 Whole Home Mesh Wi-Fi System (3-Pack),RM 799.00,In Stock,"Seamless Whole Home Wifi Coverage
Eliminate Wifi Dead Zone
Coverage Up To 5500 Sq Ft
Speed Up To 1267mbps
Come With Home Care Anti Virus
Connects Over 100 Device",Not available,Not available,TP-Link
MSI 27 Inch Optix Monitor MAG272CQR,"RM 1,799.00",In Stock,"Curved Gaming Display (1500R) 
Mystic Light
WQHD High Resolution
165Hz Refresh Rate
1ms Response Time
Gaming OSD App
HDR Ready-Provide Eye-Catching Detail Through Contrast And Shadows Adjustment.
Night Vision
Connect With Type-C
AMD Freesync
Anti-Flicker And Less Blue Light 
Frameless Design
178° Wide View Angle.",Not available,Not available,MSI
MSI Mice Gaming Gear Clutch GM11,RM 99.00,In Stock,"Stunning RGB Lighting With Over 7 Lighting Effects
5-Level DPI Sensor Matches With 5 Different Colors
Symmetrical Mouse Design
PMW-3325 Optical Sensor
Fine-Tune Detail Settings With Dragon Center",Not available,Not available,MSI
HP DeskJet Ink Advantage 2776 All-in-One Printer,RM 299.00,Out Of Stock,"A4 Color Inkjet All-in-One Printer, Perfect for Home
Print, Copy and Scan from anywhere
Print speed up to 7.5 ppm (black) and 5.5 ppm (color)
USB",Not available,Not available,HP
MSI Keyboard Gaming Gear Vigor GK50 Low Profile,RM 559.00,In Stock,"Low Profile Mechanical Switches Provide Speed, Accuracy, And Endurance",Not available,Not available,MSI
MSI 23.6 Inch G Series Monitor Optix G24C4,RM 949.00,In Stock,"23.6 Inch
Curved Gaming Display (1500R)
144Hz Refresh Rate
1ms Fast Response Time
Wide Color Gamut
AMD Freesync™ Premium Technology
Anti-Flicker And Less Blue Light
Frameless Design
178° Wide View Angle – Share Your Gaming Journey With Close Ones Around You.",Not available,Not available,MSI
MSI Audio Gaming Gear Immerse GH10,RM 200.00,In Stock,"Detachable Microphone
In-line 3-Button Controller with Microphone
Powerful 13.5mm Dynamic Driver
Earbuds with Ear-Hook Design
Tangle-free Cable Design",Not available,Not available,MSI
MSI Audio Gaming Gear immerse GH50,RM 370.00,In Stock,"2 X 40mm Neodymium Drivers With Virtual 7.1 Surround Sound And Vibration System
RGB Mystic Light With Millions Of Colors And Various Effects
Sturdy Metal Construction And Foldable Headband Design
Detachable Microphone
Inline Controller For Volume, Muting Mic, 7.1 Sound And Vibration Toggle
Carry Pouch Included In Retail Box",Not available,Not available,MSI
HUAWEI MateBook 14,"RM 3,699.00 - RM 4,599.00",In Stock,2K FullView Display,Not available,Not available,HUAWEI
TP-Link Deco M5 AC1300 Whole Home Mesh Wi-Fi System (2-Pack),RM 539.00,In Stock,"AC1300 Whole-Home Mesh Wi-Fi System
Qualcomm 717MHz Quad-core CPU
867Mbps at 5GHz+400Mbps at 2.4GHz
2 Gigabit Ports
4 antennas
256QAM
MU-MIMO
Beamforming
DFS for Europe version, HomeCare(Parental Controls, Built-In Antivirus, Quality of Service, Reporting), Access Point Mode, IPv6 Ready, Assisted Setup, Deco App, Bluetooth Onboarding, Cloud Support",Not available,Not available,TP-Link
TP-Link Deco E4 AC1200 Whole Home Mesh Wi-Fi System (2-Pack),RM 299.00,Out Of Stock,"AC1200 Whole-Home Mesh Wi-Fi System
Qualcomm CPU, 867Mbps at 5GHz+300Mbps at 2.4GHz
2 10/100Mbps Ports
2  internal antennas
MU-MIMO
Beamforming, Parental Controls, Quality of Service, Reporting, Access Point Mode, IPv6 Ready, Assisted Setup, Deco App, Cloud Support, Alexa & IFTTT supported",Not available,Not available,TP-Link
TP-Link Archer AX50 AX3000 Dual Band Gigabit Wi-Fi 6 Router,RM 329.00,In Stock,"AX3000 Wi-Fi 6 Router
Dual-Core CPU
2402Mbps at 5GHz+574Mbps at 2.4GHz
5 Gigabit Ports
1 USB 3.0
4 Antennas
Downlink and Uplink OFDMA, MU-MIMO, HT160, 1024QAM, Smart Connect, Beamforming, DFS, HomeCare, Link Aggregation, IPTV, Access Point Mode, VPN Server , IPv6 Ready, Tether App, Cloud Support",Not available,Not available,TP-Link
TP-Link Archer AX20 AX1800 Dual-Band Wi-Fi 6 Router,RM 249.00,In Stock,"AX1800 Dual-Band Wi-Fi 6 Router
SPEED: 574 Mbps at 2.4 GHz + 1201 Mbps at 5 GHz
SPEC: 4× Antennas, Broadcom 1.5 GHz Quad-Core CPU, 1× Gigabit WAN Port + 4× Gigabit LAN Ports, USB 2.0 Port, 1024-QAM, OFDMA
FEATURE: Tether App, Access Point Mode, IPv6 Ready, IPTV, Beamforming, Smart Connect, Airtime Fairness, VPN Server, Cloud Support",Not available,Not available,TP-Link
TP-Link Archer TX50E AX3000 Wi-Fi 6 Bluetooth 5.0 PCIe Adapter,RM 149.00,Out Of Stock,Wi-Fi 6 Bluetooth 5.0 PCIe Adapter,Not available,Not available,TP-Link
TP-Link AX1500 Wi-Fi 6 Router Archer AX10,RM 199.00,Out Of Stock,"AX1500 Wi-Fi 6 Router
Broadcom 1.5GHz Tri-Core CPU
1201Mbps at 5GHz+300Mbps at 2.4GHz
5 Gigabit Ports
4 Antennas
Downlink and Uplink OFDMA, MU-MIMO, 1024QAM, Smart Connect, Beamforming, IPTV, Access Point Mode, VPN Server , IPv6 Ready, Tether App, Cloud Support",Not available,Not available,TP-Link
TP-Link AX6000 Wi-Fi 6 Next-Gen Router Archer AX6000,"RM 1,029.00",Out Of Stock,"AX6000 Dual-Band Wi-Fi 6 Router
SPEED: 1148 Mbps at 2.4 GHz + 4804 Mbps at 5 GHz
SPEC: 8× Antennas, Broadcom 1.8 GHz Quad- Core CPU, 1× 2.5 Gbps WAN Port + 8× Gigabit LAN Ports, USB-C 3.0 Port + USB-A 3.0 Port, 1024-QAM, OFDMA, HT160
FEATURE: Tether App, WPA3, Access Point Mode, IPv6 Supported, IPTV, Beamforming, Smart Connect, Airtime Fairness, MU-MIMO, VPN Server and Acceleration, DFS, Cloud Support, Link Aggregation, Bluetooth Onboarding, HomeCare",Not available,Not available,TP-Link
TP-Link 300Mbps Wi-Fi Range Extender TL-WA855RE,RM 79.00,Out Of Stock,"300 Mbps Wi-Fi Range Extender
Wall Plugged
2 external antennas
1 10/100Mbps Port
300Mbps at 2.4GHz, Range Extender/AP mode
WPS, Intelligent Signal Light, Access Control, Power Schedule, LED Control, Tether App",Not available,Not available,TP-Link
Microsoft Surface Laptop Go - Platinum,"RM 2,758.00 - RM 4,455.00",In Stock,"Lightest Surface Laptop, 12.4” PixelSense™ 1536 x 1024 (148 ppi) display and interactive touchscreen
Best for focused everyday productivity and streaming
Instant On and Fingerprint Power Button for password-free One Touch sign-in on select models",Not available,Not available,Microsoft
TP-Link Deco X60 AX3000 Whole Home Mesh Wi-Fi System (3-Pack),"RM 1,739.00",In Stock,"AX3000 Whole Home Mesh Wi-Fi 6 System
SPEED: 574 Mbps at 2.4 GHz + 2402 Mbps at 5 GHz
SPEC: 4× Internal Antennas, 2× Gigabit Ports (WAN/LAN auto-sensing), Qualcomm 1 GHz Quad-core CPU, 4 Streams for 5 GHz
FEATURE: Deco App, Router/AP Mode, IPv6, IPTV, HomeCare (Parental Controls, Antivirus, QoS, Reports), OFDMA, MU-MIMO, 1024-QAM, WPA3, Beamforming, Alexa Supported""",Not available,Not available,TP-Link
TP-Link Deco X60 AX3000 Whole Home Mesh Wi-Fi 6 System (2-Pack),"RM 1,199.00",In Stock,"AX3000 Whole Home Mesh Wi-Fi 6 System
SPEED: 574 Mbps at 2.4 GHz + 2402 Mbps at 5 GHz
SPEC: 4× Internal Antennas, 2× Gigabit Ports (WAN/LAN auto-sensing), Qualcomm 1 GHz Quad-core CPU, 4 Streams for 5 GHz
FEATURE: Deco App, Router/AP Mode, IPv6, IPTV, HomeCare (Parental Controls, Antivirus, QoS, Reports), OFDMA, MU-MIMO, 1024-QAM, WPA3, Beamforming, Alexa Supported""",Not available,Not available,TP-Link
TP-Link Deco X20 AX1800 Whole Home Mesh Wi-Fi 6 System (2-Pack),RM 699.00,Out Of Stock,"AX1800 Whole Home Mesh Wi-Fi 6 System
SPEED: 574 Mbps at 2.4 GHz + 1201 Mbps at 5 GHz
SPEC: 4× Internal Antennas, 2× Gigabit Ports (WAN/LAN auto-sensing), Qualcomm 1 GHz Quad-core CPU
FEATURE: Deco App, Router/AP Mode, IPv6, IPTV, HomeCare (Parental Controls, Antivirus, QoS, Reports), OFDMA, MU-MIMO, 1024-QAM, WPA3, Beamforming, Alexa Supported""",Not available,Not available,TP-Link
TP-Link AC2200 Smart Home Mesh Wi-Fi System DecoM9 Plus(3-pack),"RM 1,359.00",In Stock,Not available,Not available,Not available,TP-Link
TP-Link Deco M9 Plus AC2200 Smart Home Mesh Wi-Fi System (2-Pack),RM 999.00,In Stock,"AC2200 Tri-Band Smart Home Mesh Wi-Fi System
IoT Hub(Bluetooth 4.2, ZigBee HA 1.2)
Qualcomm 717MHz Quad-core CPU
867Mbps at 5GHz+867Mbps at 5GHz_Backhaul+400Mbps at 2.4GHz
512MB RAM, 4GB FLASH
2 Gigabit Ports, 1 USB 2.0 Port
8 antennas
256QAM
MU-MIMO, Beamforming, DFS for Europe version, HomeCare(Parental Controls, Built-in Antivirus, Quality of Service, Reporting), Access Point Mode, IPv6 Ready, Assisted Setup, Deco App,Bluetooth Onboarding, Cloud Support",Not available,Not available,TP-Link
TP-Link Deco E4 AC1200 Whole Home Mesh Wi-Fi System (3-Pack),RM 439.00,In Stock,"AC1200 Whole-Home Mesh Wi-Fi System
Qualcomm CPU
867Mbps at 5GHz+300Mbps at 2.4GHz
2 10/100Mbps Ports, 2 internal antennas
MU-MIMO
Beamforming, Parental Controls, Quality of Service, Reporting, Access Point Mode, IPv6 Ready, Assisted Setup, Deco App, Cloud Support, Alexa & IFTTT supported, Work with All Deco Models",Not available,Not available,TP-Link
TP-Link Archer C80 AC1900 Wireless MU-MIMO Wi-Fi Router,RM 199.00,Out Of Stock,"AC1900 Dual-Band Wi-Fi Router
1300Mbps at 5GHz + 600Mbps at 2.4GHz
5 Gigabit Ports, 4 antennas
MU-MIMO
Beamforming, Smart Connect, IPTV, Access Point Mode, IPv6 Ready, Tether App, Cloud support",Not available,Not available,TP-Link
TP-Link Archer C6 AC1200 Wireless MU-MIMO Gigabit Router,RM 179.00,In Stock,"AC1200 Dual-Band Wi-Fi Router
Qualcomm
867Mbps at 5GHz + 300Mbps at 2.4GHz
5 Gigabit Ports, 4 antennas
Beamforming, MU-MIMO, IPTV, Access Point Mode, VPN Server, IPv6 Ready, Tether App",Not available,Not available,TP-Link
TP-Link Archer VR600v AC1600 WLAN Telephony DSL Router,RM 339.00,In Stock,"All in 1.AC1600 Wi-Fi VDSL/ADSL Modem Router
Broadcom CPU
802.11ac/a/n/g/b, 1300Mbps at 5GHz + 300Mbps at 2.4GHz
4 GE LAN Ports, 2 USB 2.0
3 detachable antennas, Beamforming, Tether App, Cloud Support, with VDSL splitter,Support Unifi Lite&Streamyx&Unifi Line",Not available,Not available,TP-Link
TP-Link Archer VR400 V3 AC1200 Wireless MU-MIMO VDSL/ADSL Modem Router,RM 269.00,In Stock,"Speedy WiFi – Experience superb wireless connections with 867 Mbps (5 GHz) + 300 Mbps (2.4 GHz) dual-band WiFi
Superior Range – Two fixed omnidirectional antennas with Beamforming technology provide stable wireless connections and optimal coverage
Versatile Connectivity – Fully compatible with VDSL2/ADSL2+/ADSL2/ADSL standards, as well as fiber, cable, and 3G/4G internet services
Whole-Home Coverage with OneMeshTM – Works alongside TP-Link OneMeshTM products to create a flexible Mesh network
MU-MIMO Technology – Simultaneously transfers data to multiple devices, reducing wait times
Full Gigabit Ports – Take full advantage of broadband speeds up to 1 Gbps
Tether App– TP-Link Tether provides the easiest way to access and manage your router on your iOS and Android devices
Support Unifi Lite&Streamyx&Unifi Line",Not available,Not available,TP-Link
TP-Link TD-W8961N 300Mbps Wireless N ADSL2+ Modem Router,RM 93.00,In Stock,"300Mbps Wireless N ADSL2+ Modem Router
802.11b/g/n, 300Mbps at 2.4GHz
4 FE LAN ports, ADSL/ADSL2/ADSL2+, Annex A, 2 fixed antennas
Wi-Fi on/off button, with ADSL splitter",Not available,Not available,TP-Link
TP-Link Archer T3U AC1300 Mini Wireless MU-MIMO USB Adapter,RM 79.00,In Stock,"AC1300 Mini Wi-Fi MU-MIMO USB Adapter
Mini Size
867Mbps at 5GHz + 400Mbps at 2.4GHz
USB 3.0",Not available,Not available,TP-Link
TP-Link Archer T2U AC600 Wireless Dual Band USB Adapter,RM 64.00,In Stock,"600 (433+150)Mbps wireless speed with 802.11ac
A tiny way to get speedy next generation Wi-Fi connections
Selectable Dual Band connections for lag-free HD video streaming and gaming
Advanced Security: Supports 64/128 WEP, WPA, PA2/WPA-PSK/WPA2-PSK (TKIP/AES)
Supports Windows 10/8.1/8/7/XP, Mac OS X 10.7~10.11 and Linux",Not available,Not available,TP-Link
TP-Link Archer T2U Nano AC600 Nano Wireless USB Adapter,RM 69.00,In Stock,Interface: USB 2.0,Not available,Not available,TP-Link
TP-Link TL-WN823N 300Mbps Mini Wireless N USB Adapter,RM 36.00,In Stock,"300Mbps Wi-Fi USB Adapter
Mini Size
USB 2.0",Not available,Not available,TP-Link
TP-Link TL-WN725N 150Mbps Wireless N Nano USB Adapter,RM 24.00,In Stock,"150Mbps Wi-Fi USB Adapter
Nano Size
USB 2.0",Not available,Not available,TP-Link
Not available,Not available,Not available,Not available,Not available,Not available,Not
Not available,Not available,Not available,Not available,Not available,Not available,Not
TP-Link Archer T4U AC1300 Wireless Dual Band USB Adapter,RM 86.00,Out Of Stock,"AC1300 High Gain Wi-Fi MU-MIMO USB Adapter
867Mbps at 5GHz + 400Mbps at 2.4GHz
USB 3.0
External antenna",Not available,Not available,TP-Link
TP-Link Archer T2U Plus AC600 High Gain Wireless Dual Band USB Adapter,RM 75.00,Out Of Stock,"AC600 High Gain Wi-Fi Dual Band USB Adapter
433Mbps at 5GHz + 200Mbps at 2.4GHz
USB 2.0
1 High Gain Antenna",Not available,Not available,TP-Link
Tp-Link TL-WN822N 300Mbps High Gain Wireless USB Adapter,RM 53.00,Out Of Stock,"300Mbps High Gain Wi-Fi USB Adapter
Desktop Housing
Mini USB 2.0",Not available,Not available,Tp-Link
TP-Link TL-WN722N 150Mbps High Gain Wireless USB Adapter,RM 47.00,In Stock,"150Mbps High Gain Wi-Fi USB Adapter
USB 2.0",Not available,Not available,TP-Link
TP-Link AC600 High Power Wireless Dual Band USB Adapter Archer T2UHP,RM 120.00,Out Of Stock,"AC600 Wi-Fi USB Adapter
433Mbps at 5GHz + 150Mbps at 2.4GHz
Micro USB 2.0",Not available,Not available,TP-Link
TP-Link Archer T6E AC1300 Wireless Dual Band PCI Express WiFi Adapter,RM 129.00,In Stock,"AC1300 Wi-Fi PCI Express Adapter
867Mbps at 5GHz + 400Mbps at 2.4GHz
Beamforming",Not available,Not available,TP-Link
TP-Link Archer T4E AC1200 Wireless Dual Band PCI Express Adapter,RM 115.00,In Stock,"AC1200 Wi-Fi PCI Express Adapter
867Mbps at 5GHz + 300Mbps at 2.4GHz
Beamforming",Not available,Not available,TP-Link
TP-Link Bluetooth 4.0 Nano USB Adapter UB400,RM 24.00,Out Of Stock,"Bluetooth 4.0 Nano USB Adapter
Nano Size
USB 2.0",Not available,Not available,TP-Link
TP-Link AC1750 Wi-Fi Range Extender RE450,RM 299.00,Out Of Stock,"AC1750 Wi-Fi Range Extender
Wall Plugged
Qualcomm
1300Mbps at 5GHz + 450Mbps at 2.4GHz, 802.11ac/a/b/g/n
1 Gigabit Port
Range Extender button, LED on/off button, Power on/off button, 3 fixed antennas, Range Extender/AP mode, Intelligent Signal Light, Access Control, LED control, Tether App",Not available,Not available,TP-Link
TP-Link AC1200 Wi-Fi Range Extender RE305,RM 195.00,In Stock,"AC1200 Wi-Fi Range Extender
Wall Plugged
867Mbps at 5GHz + 300Mbps at 2.4GHz, 802.11ac/a/b/g/n
1 10/100M LAN
WPS button, 2 fixed antennas, Range Extender/AP mode, Intelligent Signal Light, Access Control, LED control, Tether App",Not available,Not available,TP-Link
TP-Link 300Mbps Wi-Fi Range Extender with AC Passthrough TL-WA860RE,RM 99.00,Out Of Stock,"300Mbps Wi-Fi Range Extender with AC Passthrough
Wall Plugged
2T2R
2.4GHz
802.11b/g/n
1 10/100M LAN, Range Extender button, 2 fixed antennas, Range Extender/AP mode, Intelligent Signal Light, Tether App",Not available,Not available,TP-Link
TP-Link 300Mbps LTE-Advanced Mobile Wi-Fi M7450,RM 439.00,Out Of Stock,"Cat6 300Mbps 4G LTE-Advanced Mobile Wi-Fi
Qualcomm
LTE-FDD/LTE-TDD/DC-HSPA+/HSPA/UMTS/EDGE/GPRS/GSM
AC1200 selectable Dual Band Wi-Fi
Internal 4G Modem
SIM card slot, micro SD card slot, 1.4 inch TFT color screen display, 3000mAH rechargeable battery, tpMiFi App",Not available,Not available,TP-Link
TP-Link 4G LTE Mobile Wi-Fi M7350,RM 249.00,Out Of Stock,"150Mbps 4G LTE Mobile Wi-Fi
Qualcomm
LTE-FDD/DC-HSPA+/HSPA/UMTS/EDGE/GPRS/GSM
N300 Single Band Wi-Fi
Internal 4G Modem
1.4 inch TFT color screen display, 2000mAh rechargeable battery, tpMiFi App",Not available,Not available,TP-Link
TP-Link 4G LTE Mobile Wi-Fi M7200,RM 219.00,Out Of Stock,"150Mbps 4G LTE Mobile Wi-Fi
Qualcomm
LTE-FDD/LTE-TDD/DC-HSPA+/HSPA/UMTS
N300 Wi-Fi
Internal 4G Modem, 2000mAh rechargeable battery, tpMiFi App",Not available,Not available,TP-Link
TP-Link 4G LTE Mobile Wi-Fi M7000,RM 209.00,In Stock,"150Mbps 4G LTE Mobile Wi-Fi
Build-In 150Mbps 4G LTE Modem
SPEED: 300 Mbps at 2.4 GHz, 4G Cat4 150/50 Mbps
SPEC: LTE-FDD/LTE-TDD/HSPA+/UMTS
FEATURE: tpMiFi App, 2000 mAH Rechargeable Battery",Not available,Not available,TP-Link
TP-Link AC1200 Wireless Dual Band 4G LTE Router Archer MR400,RM 429.00,In Stock,"AC1200 Wireless Dual Band 4G LTE Router
Build-in 150Mbps 4G LTE modem
LTE-FDD/LTE-TDD/DC-HSPA+/HSPA+/HSPA/UMTS/EDGE/GPRS/GSM
With 3x10/100Mbps LAN ports and 1x10/100Mbps LAN/WAN port
300Mbps at 2.4GHz + 867Mbps at 5GHz, Tether App, Cloud support",Not available,Not available,TP-Link
TP-Link AC750 Wireless Dual Band 4G LTE Router Archer MR200,RM 389.00,In Stock,"AC750 Wireless Dual Band 4G LTE Router
3 10/100Mbps LAN Ports
1 10/100Mbps LAN/WAN Port
1 SIM Card Slot
WPS/Reset Button, Wireless On/Off Button, Power On/Off Button
300Mbps at 2.4GHz, 433Mbps at 5GHz
IEEE 802.11ac/n/a 5GHz, IEEE 802.11b/g/n 2.4GHz
3 Internal Wi-Fi Antennas, 2 Detachable External 4G LTE Antennas",Not available,Not available,TP-Link
TP-Link 300 Mbps Wireless N 4G LTE Router TL-MR100,RM 259.00,Out Of Stock,"300Mbps Wireless N 4G LTE Router
Build-In 150Mbps 4G LTE Modem
SPEED: 300 Mbps at 2.4 GHz, 4G Cat4 150/50 Mbps
SPEC: 2× Antennas, 1× Fast Ethernet LAN Ports, 1× Fast Ethernet WAN/LAN Port, LTE-FDD/LTE-TDD/DC-HSPA+/UMTS
FEATURE: Parental Controls",Not available,Not available,TP-Link
TP-Link 300Mbps Wireless N 4G LTE Router TL-MR6400,RM 349.00,Out Of Stock,"300Mbps Wireless N 4G LTE Router
Build-in 150Mbps 4G LTE modem
LTE-FDD/LTE-TDD/DC-HSPA+/HSPA+/HSPA/UMTS/EDGE/GPRS/GSM
With 3x10/100Mbps LAN ports and 1x10/100Mbps LAN/WAN port",Not available,Not available,TP-Link
TP-Link 8-Port 10/100/1000Mbps Desktop Network Switch LS108G,RM 99.00,Out Of Stock,"LiteWave 8-Port Gigabit Desktop Switch
8 Gigabit RJ45 Ports, Desktop Steel Case",Not available,Not available,TP-Link
TP-Link 5-Port 10/100/1000Mbps Desktop Network Switch,RM 79.00,Out Of Stock,"LiteWave 5-Port Gigabit Desktop Switch
5 Gigabit RJ45 Ports
Desktop Steel Case",Not available,Not available,TP-Link
TP-Link Deco X20 AX1800 Whole Home Mesh Wi-Fi System (3-Pack),"RM 1,159.00",In Stock,"AX1800 Whole Home Mesh Wi-Fi 6 System
SPEED: 574 Mbps at 2.4 GHz + 1201 Mbps at 5 GHz
SPEC: 4× Internal Antennas, 2× Gigabit Ports (WAN/LAN auto-sensing), Qualcomm 1 GHz Quad-core CPU
FEATURE: Deco App, Router/AP Mode, IPv6, IPTV, HomeCare (Parental Controls, Antivirus, QoS, Reports), OFDMA, MU-MIMO, 1024-QAM, WPA3, Beamforming, Alexa Supported""",Not available,Not available,TP-Link
TP-Link TL-WN821N 300Mbps Wireless N USB Adapter,RM 33.00,Out Of Stock,"300Mbps Wi-Fi USB Adapter
USB 2.0",Not available,Not available,TP-Link
HP 680 Tri-color Original Ink Advantage Cartridge,RM 40.00,Out Of Stock,"Cartridge Colors: Tri-color
Ink
~150 pages
Standard Capacity Ink Cartridges",Not available,Not available,HP
HP 680 Black Original Ink Advantage Cartridge,RM 40.00,Out Of Stock,"Cartridge Colors: Black
Ink
~480 pages
Standard Capacity Ink Cartridges",Not available,Not available,HP
"Apple MacBook Air (M1 chip, 2020)","RM 4,399.00 - RM 5,399.00",In Stock,"Apple-designed M1 chip
Up to 18 hours of battery life1
8-core CPU delivers up to 3.5x faster performance
Up to 8 GPU cores with up to 5x faster graphics
16-core Neural Engine",Not available,Not available,Apple
Logitech Wireless Mouse M185,RM 55.00,In Stock,"Reliable Wireless
2.4 GHz Wireless Connectivity
Built to Last",Not available,Not available,Logitech
Logitech M331 Silent Plus,RM 65.00,In Stock,"Silent Mice
24-Month Battery Life
Crafted For Your Right Hand
Enjoy The Sound of Silence",Not available,Not available,Logitech
Logitech M590 Multi-Device Silent,RM 139.00,In Stock,Silence and Flow,Not available,Not available,Logitech
Logitech MX Master 2S,RM 349.00,Out Of Stock,"Effortless multi-computer workflow
Tracks on Any Surface
Fast Recharging
Hyper-efficient Scrolling",Not available,Not available,Logitech
Logitech MX Master 3,RM 449.00,Out Of Stock,"Advanced 2.4 Ghz Wireless Technology
Rechargeable Li-Po (500 Mah) Battery
Get Three Hours of Use From A One-Minute",Not available,Not available,Logitech
Logitech MK240 NANO Wireless Keyboard and Mouse Combo,RM 0.00,Out Of Stock,"24 Month Battery Life
2.4 Ghz Unifying Ready
1000DPI Sensor",Not available,Not available,Logitech
HP Pavilion Gaming 15 Laptop (i7-1165G7/8GB/512GB SSD/MX450 2GB) 15-EG0109TX,"RM 4,109.00",Out Of Stock,"15.6-inch FHD
Intel Core i7
8GB RAM / 512GB SSD
Preloaded Office Home & Student",Not available,Not available,HP
HP Laptop 14s-fq0075AU 14-Inch (R3-4300U/4GB/512GB SSD),"RM 2,169.00",Out Of Stock,"14 Inch
AMD R3 - 4300U
4GB RAM
512GB SSD
Preloaded Office Home & Student",Not available,Not available,HP
Logitech B175 Wireless Mouse,RM 35.00,Out Of Stock,"800 Dpi
12-month Battery Life
Optical Scroll Wheel",Not available,Not available,Logitech
Logitech M171 Wireless Mouse,RM 46.00,In Stock,"Reliable 2.4Ghz Wireless
12-Month Battery Life
Plug-And-Play Connection
Comfortable And Mobile",Not available,Not available,Logitech
TP-Link AX5400 Dual-Band Gigabit Wi-Fi 6 Router Archer AX73,RM 449.00,In Stock,"AX5400 Dual-Band Gigabit Wi-Fi 6 Router
Gigabit WiFi for 8K Streaming
Fully Featured Wi-Fi 6
Connect 200+ Devices
Extensive Coverage
HomeShield
More Vents, Less Heat
USB Sharing
Easy Setup",Not available,Not available,TP-Link
Not available,Not available,Not available,Not available,Not available,Not available,Not
Logitech M377 Bluetooth Mouse,RM 0.00,Out Of Stock,"Connects to virtually any bluetooth
Compact, mobile design
Curved shape with rubber grip",Not available,Not available,Logitech
Microsoft Arc Mouse,RM 339.00,In Stock,"Bluetooth® 4.0
2.4 GHz frequency range
2 AAA alkaline batteries",Not available,Not available,Microsoft
Microsoft Modern Mobile Mouse (Bluetooth),RM 155.00,In Stock,"Bluetooth® 4.2
2.4GHz frequency range
BlueTrack™ Technology ",Not available,Not available,Microsoft
Microsoft Comfort Mouse 4500,RM 102.00,In Stock,"Wired Mouse
Five customisable buttons
BlueTrack Technology®",Not available,Not available,Microsoft
HP 14S(AMD 3020E/4GB/256GB SSD) 14-SFQ0058AU,"RM 1,649.00",Out Of Stock,"AMD 3020e
14""
4GB Ram & 256GB SSD
Windows 10 Home 64",Not available,Not available,HP
HP ENVY13 (i7-1165G7/16GB DDR4/512GB SSD/ MX450 2GB) 13-BA1011TX,"RM 5,499.00",Out Of Stock,"13.3-inch
Intel Core i7-1165G7
16GB RAM / 512GB SSD
Windows 10 Home 64",Not available,Not available,HP
Microsoft Bluetooth Desktop-Black,RM 275.00,In Stock,"Keyboard + Mouse
Bluetooth
2.4 GHz frequency range",Not available,Not available,Microsoft
Microsoft Wireless Desktop 3050,RM 229.00,In Stock,"Built in palm rest
Snap-in mini-transceiver
Customizable shortcut keys",Not available,Not available,Microsoft
Microsoft Wired Desktop 600-Black,RM 82.00,In Stock,"Wired Keyboard + Mouse
Spill resistant
Quiet-touch keys",Not available,Not available,Microsoft
Microsoft USB-C Travel Hub-Black,RM 445.00,In Stock,"Support for Android
USB Power Policy
HDMI priority
CFU firmware update",Not available,Not available,Microsoft
HP Slim S01-PF1166D Desktop PC (I5-10400/8GB/512GB SSD),"RM 2,899.00",In Stock,"Intel Core i5
4GB RAM / 512GB SSD
Preloaded Office Home & Student
Wired USB Keyboard + Mouse",Not available,Not available,HP
Apple USB-C Digital AV Multiport Adapter,RM 349.00,In Stock,Connect your USB-C-enabled Mac or iPad to an HDMI display,Not available,Not available,Apple
Apple Magic Keyboard for iPad Air (4th generation) and iPad Pro 11-inch (2nd generation),"RM 1,349.00",Out Of Stock,Not available,Not available,Not available,Apple
Apple Magic Keyboard with Numeric Keypad,RM 489.00,In Stock,Scissor mechanism beneath each key,Not available,Not available,Apple
HP Spectre x360 Convertible 13.3 inch (i7-1165G7/16GB onboard/1TB SSD) 13AW2100TU,"RM 6,899.00",Out Of Stock,"13.3-inch
Intel Core i7
16GB RAM / 1TB SSD",Not available,Not available,HP
HP Spectre x360 Convertible 13.5 inch (i7-1165G7/16GB onboard/1TB SSD) 14EA0054TU,"RM 7,099.00",Out Of Stock,"13.5-inch
Intel Core i7
16GB RAM / 1TB SSD
Preloaded Office Home & Student",Not available,Not available,HP
HP Spectre x360 Convertible 13.3 inch (i5-1135G7/8GB Onboard/512GB SSD) 13AW2099TU,"RM 5,699.00",Out Of Stock,"13.3-inch
Intel Core i5
8GB RAM / 512GB SSD",Not available,Not available,HP
TP-Link AC1200 Whole Home Mesh Wi-Fi System Deco M4 V1 (2-pack),RM 399.00,Out Of Stock,"Wi-Fi Dead-Zone Killer
connects up to 100 Devices
Two Modes in one
Easy Setup
Parental Controls",Not available,Not available,TP-Link
SanDisk Ultra USB 3.0 Flash Drive,RM 29.00 - RM 34.00,Out Of Stock,"High-speed USB 3.0 for super-fast file t
Easily move content between computers AN",Not available,Not available,SanDisk
Targus 360 Perimeter Laptop Sleeve,RM 84.00 - RM 103.00,In Stock,"3 layers durable padding
Zipped front pocket
Suitable for laptop,tablet & ultrabook
Soft touch materials
Tactile zip pullers",Not available,Not available,Targus
Promate Laptop Cooling Pad Air Base-1,RM 85.00,Out Of Stock,"Two fan that generate cool air
Rubber grips on the surface keep laptop
Fan speed can be controlled",Not available,Not available,Promate
MSI MPG ARTYMIS 343CQR 34 Inch Monitor MSI-MPG343CQR,"RM 3,999.00",Out Of Stock,1000R Perfect Curved Screen,Not available,Not available,MSI
MSI Optix G27CQ4 27 Inch Monitor MSI-G27CQ4,"RM 1,638.00",In Stock,"Curved Gaming display (1500R) 
WQHD High Resolution 
165Hz Refresh Rate
Wide Color Gamut
AMD FreeSync
Frameless design
Night Vision",Not available,Not available,MSI
Acer 15.6-Inch Predator Helios 300 PH315-53-79E7,"RM 5,499.00",Out Of Stock,"Windows 10 Home
15.6"" screen size
Intel® Core™ i7-10870H
8GB DDR4
512GB PCIe NVMe SSD
Nvidia GeForce RTX 3060",Not available,Not available,Acer
HP ENVY Laptop - 15-ep0010tx,"RM 6,999.00",Out Of Stock,"15.6-inch
Intel Core i7
16GB RAM / 1TB SSD
6GB NVIDIA GeForce GTX1660Ti",Not available,Not available,HP
Apple iMac 24-Inch (2 ports),"RM 5,599.00",In Stock,"• Immersive 24-inch 4.5K Retina display with P3 wide color gamut and 500 nits of brightness¹
• Apple M1 chip delivers powerful performance with 8-core CPU and 7- or 8-core GPU
• Strikingly thin 11.5 mm design in vibrant colors
• 1080p FaceTime HD camera with M1 ISP for amazing video quality
• Studio-quality three-mic array for crystal clear calls and voice recordings
• Six-speaker sound system for a remarkably robust and high-quality audio experience
• Up to 512GB of ultrafast SSD storage
• Two Thunderbolt / USB 4 ports and up to two USB 3 ports
• Ultrafast Wi-Fi 6 and Bluetooth 5.0 wireless
• Color-matched Magic Mouse with Magic Keyboard or Magic Keyboard with Touch ID²
• macOS has a bold, easy-to-use design and works seamlessly with iPhone
• Available in blue, green, pink, silver, yellow, orange, and purple",Not available,Not available,Apple
TP-Link AC1200 Whole Home Mesh Wi-Fi System Deco HC4 (2-pack),RM 399.00,Out Of Stock,"Seamless Whole Home WIFI Coverage
867Mbps + 300Mbps
2 x Gigabit Ports
2 Internal Antenna",Not available,Not available,TP-Link
Microsoft Surface Laptop 4,"RM 3,999.00 - RM 8,299.00",In Stock,"Featuring 11th Gen Intel Core processor
Available on 2 sizes: 13.5” and 15”
Available on 2 colours: Platinum & Black
Fast charging
Exceptional typing comfort
Available with both USB-C and USB A ports",Not available,Not available,Microsoft
Boomwave Backpack Light Series - Dark Blue,RM 132.00,Out Of Stock,Not available,Not available,Not available,Boomwave
HP 682 Black Original Ink Advantage Cartridge HP-682-BLACK,RM 40.00,In Stock,Not available,Not available,Not available,HP
HP 682 Tri-color Original Ink Advantage Cartridge HP-682-TRI-COLOR,RM 40.00,In Stock,Not available,Not available,Not available,HP
Promate Cooling Pad Air Base,RM 139.00,In Stock,Not available,Not available,Not available,Promate
Promate Deskmate 3,RM 149.00,In Stock,Not available,Not available,Not available,Promate
"SanDisk 16GB Ultra Dual Drive USB Type-C, USB 3.1 SD-DDC2-016G",RM 41.00,Out Of Stock,Not available,Not available,Not available,SanDisk
Boomwave Vertikel Sleeve 12-13-inch,RM 89.00,In Stock,"Boomwave VERTIKEL SLEEVE 12-13"" BLUE",Not available,Not available,Boomwave
Boomwave Vertikel Sleeve 14-inch,RM 89.00,In Stock,"Boomwave VERTIKEL SLEEVE 14"" BLUE",Not available,Not available,Boomwave
HP Pavilion X360 14 Intel Core i5 HP-14DY0018TU,"RM 3,499.00",Out Of Stock,"14-Inch
Intel Core i5-1135G7
8 GB DDR4-3200 MHz RAM
512 GB PCIe NVMe M.2 SSD
Windows 10 Home Single Language 64
Intel Iris Xᵉ Graphics",Not available,Not available,HP
Samsung 27-Inch Smart Monitor M5 SAM-LS27AM500N,"RM 1,288.00",In Stock,"1,980 x 1,080 Resolution
Smart Hub
Ultrawide Game View
Adaptive Picture
Remote Access
Mobile Connectivity",Not available,Not available,Samsung
Mi 34-Inch Curved Gaming Monitor XMI-GMONITOR34,"RM 2,199.00",Out Of Stock,"21:9 UltraWide Screen
WQHD 3440 x 1440 Resolution
1500R Extreme Curvature 121% sRGB Wid
144Hz High Refresh Rate
FreeSync Premium Variable Refresh Rate
Low Blue Light, No Visible Flicker* 
121% sRGB Wide Color Gamut",Not available,Not available,Mi
Apple iMac 24-inch (4-ports),"RM 6,449.00 - RM 7,249.00",In Stock,"• Immersive 24-inch 4.5K Retina display with P3 wide color gamut and 500 nits of brightness¹
• Apple M1 chip delivers powerful performance with 8-core CPU and 7- or 8-core GPU
• Strikingly thin 11.5 mm design in vibrant colors
• 1080p FaceTime HD camera with M1 ISP for amazing video quality
• Studio-quality three-mic array for crystal clear calls and voice recordings
• Six-speaker sound system for a remarkably robust and high-quality audio experience
• Up to 512GB of ultrafast SSD storage
• Two Thunderbolt / USB 4 ports and up to two USB 3 ports
• Ultrafast Wi-Fi 6 and Bluetooth 5.0 wireless
• Color-matched Magic Mouse with Magic Keyboard or Magic Keyboard with Touch ID²
• macOS has a bold, easy-to-use design and works seamlessly with iPhone
• Available in blue, green, pink, silver, yellow, orange, and purple",Not available,Not available,Apple
HP Pavilion x360 Convertible Intel Core i3 HP-14DY0022TU,"RM 2,999.00",Out Of Stock,"14-Inch
Intel Core i3-1125G4
8 GB DDR4-3200 MHz RAM
512 GB PCIe NVMe M.2 SSD
Windows 10 Home 64
Intel UHD Graphics",Not available,Not available,HP
HP Pavilion x360 Convertible Intel Core i7 HP-14DY0025TU,"RM 3,999.00",Out Of Stock,"14-Inch
Intel Core i7-1165G7
8 GB DDR4-3200 MHz RAM
512 GB PCIe NVMe M.2 SSD
Windows 10 Home Single Language 64
Intel Iris Xᵉ Graphics",Not available,Not available,HP
HONOR MagicBook X 15,"RM 2,099.00 - RM 2,699.00",In Stock,"10th Gen Intel® Core™ Processor
Ultra-thin at 16.9 mm
15.6"" 1920 x 1080 pixel, 141 PPI
8GB DDR4 Dual-Channel RAM
Efficient Heat Dissipation with Dual Heat Pipes
Premium Aluminum Metal Body Design",Not available,Not available,HONOR
ASUS BR1100F ASU-BR1100FK-ABP0423R,"RM 1,699.00",Out Of Stock,"Processor: Intel® Celeron® N4500 Processor 1.1 GHz (4M Cache, Up To 2.8 GHz, 2 Cores) 
Memory: 4G DDR4 On Board
Storage: 128G eMMC
Optical: No
Card Reader: No
Graphics: Intel® UHD Graphics 
Display: 11.6""HD 
OS: Windows 10 Pro Entry 
Battery: 42WHrs, 3S1P, 3-Cell Li-Ion
Weight: 1.40 KG 
Size: 29.46 x 20.49 x 1.99 ~ 2.00 CM 
Web Cam: 720p HD Camera/ With Privacy Shutter, World-Facing Camera 13.0M Camera 
Wireless: Wi-Fi 5(802.11ac)+Bluetooth 5.0 (Dual band) 2*2 – Gigabit WiFi 
Finger Print: No 
Keyboard&Touchpad: Chiclet Keyboard / 1.35MM Key-Travel / Spill-Resistant Keyboard
Interface: 1x HDMI 1.4
                  1x 3.5mm Combo Audio Jack
                  1x RJ45 LAN Jack for LAN insert(10/100/1000)
                  1x DC-in//1x USB 2.0 Type-A
                  1x USB 3.2 Gen 1 Type-A
                  1x USB 3.2 Gen 2 Type-C Support Power Delivery 
Warranty: 1 Year On-site 
Expansion Slot (Includes Used): 1x M.2 2280 PCIe 3.0x4 
Include In The Box: Sleeve & Stylus",Not available,Not available,ASUS
Acer Swift 3: R5-5500U /14-inch/ 8 GB LPDDR4X/ 512GB SSD /AMD Radeon Graphics /OPI /BT 5.2 /HD Webcam,"RM 3,299.00",Out Of Stock,"Windows 10 Home
14-Inch
Ryzen™ 5 5500U
8GB RAM
512GB Hard Drive Capacity
AMD RadeonTM Graphics",Not available,Not available,Acer
HP Laptop 14s-cf2040TX 14 Inch (Intel Core i5 - 10210U/8GB RAM/512GB SSD/AMD Radeon 530),RM 0.00,Out Of Stock,"Intel Core i5 - 10210U
8GB RAM
512GB SSD
AMD Radeon 530",Not available,Not available,HP
Acer Predator Orion 3000 w Tempered Glass + Acer Nitro XV2 27-inch LED-backlit LCD monitor-Acer Predator CPU + Acer Nitro XV2 Monitor,"RM 999.00 - RM 4,599.00",In Stock,"Acer Predator Orion 3000
Windows 10 Home 64-bit
Intel® Core i5-10400F
8GB DDR4 2666MHz
256GB PCIE SSD
NVIDIA® GeForce® GTX 1650

Acer Nitro XV2 27-inch LCD monitor
27 Inch 1920 x 1080 (FHD)
IPS Panel Normal mode: 1920x1080@144Hz Overclocking mode: 1920x1080@165Hz
100,000,000:1 Contrast Ratio (ACM)
G-Sync Compatible
250nits (HDR10)
HDMI 2.0 x2 DP 1.2 x1 Audio out",Not available,Not available,Acer
TP-Link AX6600 Tri-Band Wi-Fi 6 Router Archer AX90,RM 699.00,Out Of Stock,"Tri-band WIFI 6
Stronger WIFI coverage with onemesh tech
Fast speed uo to 4804 mbps at 5.0ghz
8 x Antennas
Supports Unifi and Maxis fibre and more",Not available,Not available,TP-Link
HUAWEI 28.2-inch MateView,"RM 2,988.00",In Stock,"Size: 28.2 inches
Resolution: 3840 x 2560 pixels
Display: 608.36mm x 591.12mm x 182.00mm
Type: IPS Screen
Weight: 6.2kg (including the base)",Not available,Not available,HUAWEI
HP Laptop 14s FQ0069AU,"RM 1,799.00",In Stock,Not available,Not available,Not available,HP
"Acer ENDURO Urban N3 (i5-1135G7 / 4GB DDR4 / 512GB PCIe NVMe SSD / 14"" IPS FHD/ Intel Iris Xe Graphics - Denim Blue","RM 2,999.00",Out Of Stock,Windows 10 Home,Not available,Not available,Acer
Acer Swift 3 (i5-1135G7 / 8GB LPDDR4X / 512GB PCIe NVMe SSD / Intel Iris Xe Graphics),"RM 3,499.00",Out Of Stock,"""14"""" FHD IPS Slim Bezel (100% sRGB)""
Intel® Core i5-1135G7
""8GB Onboard LPDDR4X (No Extra Slot)""
512GB PCIe NVMe Gen4 SSD
Intel® Iris® Xe Graphics",Not available,Not available,Acer
"MSI Summit E13 Flip Evo (i5-1135G7/ 16GB+512GB/13.4""/Iris XE Graphics)","RM 5,999.00",Out Of Stock,"Windows 10 Home
Intel® Iris® Xe graphics
LPDDR4 16 GB
512GB NVMe PCIe Gen4x4 SSD",Not available,Not available,MSI
MSI MPG TRIDENT AS 11TG i7-3060 MSI-MPGTDENT-AS,"RM 8,199.00",In Stock,CPU: i7-11700F,Not available,Not available,MSI
MSI Optix G272 27 Inch Gaming Monitor MS-G272,"RM 1,149.00",In Stock,IPS Panel – Optimize screen colors and brightness to enhance your viewing experience.,Not available,Not available,MSI
Acer Nitro 5 (i5-11400H / 8GB DDR4 / 512GB PCIe NVMe SSD / Nvidia RTX 3060 6GB GDDR6),"RM 4,799.00",Out Of Stock,"15.6 Inch
Windows 10 Home
Intel® Core i5-11400H
8GB 3200Mhz DDR4 RAM
512GB PCIe SSD
Nvidia RTX 3060 6GB GDDR6",Not available,Not available,Acer
Logitech M100r Corded Mouse,RM 29.00,In Stock,"Height: 113 mm
Width: 62 mm
Depth: 38 mm
Weight: 90 g
Cable Length: 180cm",Not available,Not available,Logitech
HP Victus Laptop 16E0127AX (16.1Inch / AMD Ryzen / 8GB RAM / 512GB SSD / Win10),"RM 3,899.00",Out Of Stock,"AMD Ryzen™ 5 Processor
Windows 10 Home 64
8 GB DDR4-3200 MHz RAM (1x8 GB)
512 GB PCIe® NVMe™ TLC M.2 SSD
NVIDIA®️ GeForce®️ GTX 1650",Not available,Not available,HP
HP All-in-One 24-DP0417D [AMD Ryzen™ 3 4300U/ RAM 8GB/ SSD 256G],"RM 3,099.00",In Stock,"AMD Ryzen™ 3 4300U (2.7 GHz base clock(2h), up to 3.7 GHz max boost clock(2i), 4 MB L3 cache, 4 cores)
RAM 8GB(1x8GB) DDR4 3200 SODIMM
SSD 256G 2280 PCIe NVMe Value",Not available,Not available,HP
ASUS ZENBOOK [i5-1135G7/8GB+512GB/Intel Iris Xe Graphics/14'' FHD],"RM 3,999.00",Out Of Stock,"Intel® Core™ i5-1135G7 Processor 2.4 GHz (8M Cache, up to 4.2 GHz, 4 cores)
Intel Iris Xᵉ Graphics (available for 11th Gen Intel® Core™ i5 with dual channel memory)
8GB LPDDR4X on board
512GB M.2 NVMe™ PCIe® 3.0 SSD",Not available,Not available,ASUS
"MSI GE76 Raider 11UH-413 (Up to 11th Gen. Intel® Core™ i9 Processor/RTX3080, 16GB+2TB)","RM 17,499.00",Out Of Stock,"17.3″ FHD (1920*1080), 360Hz, close to 100%sRGB",Not available,Not available,MSI
Microsoft 365 Family (Digital Download Delivery),RM 259.00,In Stock,THIS PRODUCT IS NON-REFUNDABLE.,Not available,Not available,Microsoft
Microsoft 365 Personal (Digital Download Delivery),RM 199.00,In Stock,THIS PRODUCT IS NON-REFUNDABLE.,Not available,Not available,Microsoft
Microsoft 365 Business Standard (Digital Download Delivery),RM 629.00,In Stock,THIS PRODUCT IS NON-REFUNDABLE.,Not available,Not available,Microsoft
HP 245G8 R3-3300U 14 4GB/256 PC,"RM 2,099.00",Out Of Stock,14-inch,Not available,Not available,HP
ASUS Zenbook 14 [I7-1165G7/8GB+512GB/Intel Iris Xᵉ Graphics],"RM 4,699.00",Out Of Stock,Windows 10 Home - ASUS recommends Windows 10 Pro for business,Not available,Not available,ASUS
Microsoft Surface Go 3,"RM 1,888.00 - RM 2,988.00",In Stock,"245 mm × 175 mm × 8.3 mm (9.65” × 6.9” × 0.33”)
Wi-Fi: 544 g (1.2 lbs), not including Type Cover
Windows 11 Home in S mode
Microsoft 365 Family one month trial",Not available,Not available,Microsoft
Samsung 24-Inch Smart Monitor M5 SAM-LS24AM506N,"RM 1,088.00",Out Of Stock,"Access smart tv apps without your PC or laptop
Unlock a full PC experience with Wireless DeX
Watch movies on the big screen with Tap view
Work seamlessley with Microsoft 365 or use Remote PC to work",Not available,Not available,Samsung
Samsung 32-Inch Smart Monitor M5 SAM-LS32AM500N,"RM 1,388.00",Out Of Stock,"1,980 x 1,080 Resolution
Smart Hub
Ultrawide Game View
Adaptive Picture
Remote Access
Mobile Connectivity",Not available,Not available,Samsung
Samsung 32-Inch Smart Monitor M7 SAM-LS32AM700U,"RM 1,999.00",In Stock,"The World's 1st Do-It-All Screen
Mobile meets big screen
Stream endless entertainment",Not available,Not available,Samsung
"MSI GS66 Stealth 11UG-414 (Tiger Lake i7-11800H+HM570 Processor/RTX3070 Max Q, 8GB+1TB)","RM 11,999.00",Out Of Stock,"15.6"" QHD (2560*1440), 165Hz",Not available,Not available,MSI
Samsung 43-Inch Smart Monitor M7 SAM-LS43AM702U,"RM 2,888.00",Out Of Stock,"Access Smart TV Apps without PC or laptop
Unlock a full PC experience with Wireless DeX
Watch movies on the big screen with Tap view
Work seamlessley with Microsoft 365 or use PC on Screen to work",Not available,Not available,Samsung
Samsung 27-Inch Smart Monitor M5 SAM-LS27AM501N,"RM 1,488.00",Out Of Stock,"Access smart tv apps without PC or laptop
Unlock a full PC experience with Wireless DeX
Watch movies on the big screen with Tap view
Work seamlessley with Microsoft 365 or use Remote PC to work",Not available,Not available,Samsung
MSI MAG CH130 X Gaming Chair,"RM 1,499.00",In Stock,PVC Leather,Not available,Not available,MSI
HONOR MagicBook 14-inch AMD R5-5500U 8GB + 256/512GB Silver,"RM 2,699.00 - RM 2,999.00",In Stock,Windows 10 Home (64-bit),Not available,Not available,HONOR
Logitech MK295 Silent Wireless Keyboard and Mouse Combo,RM 119.00,In Stock,Long Lasting Battery,Not available,Not available,Logitech
Logitech K400 Plus Wireless Touch Keyboard,RM 169.00,In Stock,"Quiet keys, Large touchpad",Not available,Not available,Logitech
Logitech MK220 Wireless Keyboard and Mouse Combo,RM 79.00,In Stock,Compact and Wireless,Not available,Not available,Logitech
"MSI Z16 Creator A11UET-207 (Tiger Lake i7-11800H Processor/RTX3060 Max Q, 8GB+1TB)","RM 11,999.00",Out Of Stock,"16"" QHD (2560*1440), 120Hz DCI-P3 100% Typical, Finger Touch Panel",Not available,Not available,MSI
Microsoft Office Home & Student 2021 (Digital Download Delivery),RM 399.00,In Stock,THIS PRODUCT IS NON-REFUNDABLE.,Not available,Not available,Microsoft
Microsoft Office Home & Business 2021 (Digital Download Delivery),RM 949.00,In Stock,THIS PRODUCT IS NON-REFUNDABLE.,Not available,Not available,Microsoft
Logitech MK200 Media Corded Keyboard and Mouse Combo,RM 69.00,In Stock,Durable and Reliable,Not available,Not available,Logitech
ASUS Zenbook Flip S (i7-1165G7 / 16GB LPDDR4X / 1TB PCIe Gen 3 SSD / Intel® Iris Xe Graphics),"RM 6,799.00",Out Of Stock,Windows 10 Home,Not available,Not available,ASUS
Canon PIXMA MG2570S,RM 209.00,Out Of Stock,"Print, Scan, Copy",Not available,Not available,Canon
"MSI Bravo 15 B5DD-099MY (AMD Ryzen™ 5000 H-Series Mobile Processor/RX5500M, 4GB+512GB)","RM 4,199.00",Out Of Stock,Windows 10 Home,Not available,Not available,MSI
HUAWEI MateBook 14s,"RM 4,999.00 - RM 6,699.00",In Stock,2.5K HUAWEI FullView Display,Not available,Not available,HUAWEI
HUAWEI MateView GT 34-inch Sound Edition,"RM 2,488.00",In Stock,Ultrawide High-Refresh Monitor,Not available,Not available,HUAWEI
ASUS TUF Gaming F17 (i5-11400H/8GB+512GB/RTX3050 4GB),"RM 4,499.00",Out Of Stock,Windows 10 Home - ASUS recommends Windows 10 Pro for business,Not available,Not available,ASUS
ASUS ROG Flow X13 GV301,"RM 5,999.00 - RM 6,109.00",Out Of Stock,120Hz Refresh Rate,Not available,Not available,ASUS
Asus ZenBook 13 [OLED i7-1165G7/8GB RAM/512GB SSD],"RM 4,699.00",Out Of Stock,8GB LPDDR4X on board,Not available,Not available,Asus
Epson EcoTank L3250 A4 Wi-Fi All-in-One Ink Tank Printer,RM 699.00,Out Of Stock,"Print, scan, copy",Not available,Not available,Epson
Epson EcoTank L3210 A4 All-in-One Ink Tank Printer,RM 579.00,In Stock,"Print, scan, copy",Not available,Not available,Epson
ASUS ROG Zephyrus G14 GA401Q-HHZ078TS,"RM 4,799.00",Out Of Stock,Windows 10 (64bit),Not available,Not available,ASUS
HP Pavilion Aero Laptop 13 (AMD Ryzen™ 5 5600U / 8 GB DDR4 / 512 GB SSD / AMD Radeon™ Graphics),"RM 3,549.00",In Stock,Ultra-portable at less than 1 kg,Not available,Not available,HP
ASUS Laptop A516E-AEJ799TS (i3-1115G4/4GB+256GB/Intel® UHD Graphics),"RM 2,299.00",Out Of Stock,Windows 10 Home,Not available,Not available,ASUS
HP Laptop 14s-DQ3000TU Series (Intel® Celeron® N4500/4GB+512GB/Intel® UHD Graphics),RM 0.00,Out Of Stock,Windows 10 (64bit),Not available,Not available,HP
Apple Magic Trackpad,RM 489.00,In Stock,Wireless and rechargeable,Not available,Not available,Apple
"Apple MacBook Pro (16-Inch, M1 Chip, 2021)","RM 10,799.00 - RM 14,799.00",Out Of Stock,Stunning 16-inch Liquid Retina display,Not available,Not available,Apple
Microsoft Surface Dock V2,"RM 1,299.00",In Stock,199 W power supply charges any Surface device,Not available,Not available,Microsoft
HP All-In-One-22-DF0215D Bundle PC (21.5'' Touch/R3-3250U/4GB/256GB SSD),"RM 2,299.00",Out Of Stock,21.5-inch Touch,Not available,Not available,HP
"MSI Bravo 15 B5DD-214 (AMD Ryzen 5 5600 H/RX5500M, 8GB+512GB)","RM 4,249.00",In Stock,Windows 11 Home,Not available,Not available,MSI
"MSI GF63 Thin 11UC-236MY (Tiger Lake i5-11400H/RTX3050 Max-Q, 4GB+512GB)","RM 4,299.00",In Stock,Windows 11 Home,Not available,Not available,MSI
MSI Modern 14 B11MOU-870MY (Tiger Lake i3-1115G4 / 4GB+512GB / UHD Graphics),"RM 2,699.00",In Stock,Windows 11 Home,Not available,Not available,MSI
Microsoft Visio Professional 2021 (Digital Download Delivery),"RM 3,199.00",In Stock,THIS PRODUCT IS NON-REFUNDABLE.,Not available,Not available,Microsoft
Microsoft Visio Standard 2021 (Digital Download Delivery),"RM 1,599.00",In Stock,THIS PRODUCT IS NON-REFUNDABLE.,Not available,Not available,Microsoft
Microsoft Project Standard 2021 (Digital Download Delivery),"RM 3,199.00",In Stock,THIS PRODUCT IS NON-REFUNDABLE.,Not available,Not available,Microsoft
Microsoft Project Professional 2021 (Digital Download Delivery),"RM 6,199.00",In Stock,THIS PRODUCT IS NON-REFUNDABLE.,Not available,Not available,Microsoft
ROG Zephyrus Duo 15 SE GX551 GX551Q-SHF173TS [AMD Ryzen™ 9 / 16GB+1TB SSD / NVIDIA® GeForce RTX™ 3080],"RM 17,999.00",Out Of Stock,"15.6"" FHD

AMD Ryzen™ 9

16GB RAM + 1TB SSD 

NVIDIA® GeForce RTX™ 3080 

Windows 10 (Preloaded MS Office Home & Student) ",Not available,Not available,ROG
MSI 31.5 Inch Optix Monitor G32CQ4,"RM 1,839.00",In Stock,Curved Gaming display (1500R) ,Not available,Not available,MSI
MSI MPG Trident A 11TC-2247MY i5-11400F,"RM 6,499.00",In Stock,CPU: i5-11400F,Not available,Not available,MSI
HUAWEI MateBook D14 (i5-10210U / 8 GB / 512GB SSD),"RM 3,299.00",In Stock,Fitted with 1920 x 1080 IPS screen,Not available,Not available,HUAWEI
Microsoft Office Professional 2021 (Digital Download Delivery),"RM 1,799.00",In Stock,THIS PRODUCT IS NON-REFUNDABLE.,Not available,Not available,Microsoft
Canon PIXMA Printer G2010,RM 579.00,In Stock,"Print, Scan, Copy",Not available,Not available,Canon
Canon PIXMA Printer MG3070S,RM 269.00,In Stock,"Print, Scan, Copy",Not available,Not available,Canon
MSI CLUTCH GM20 ELITE Gaming Mouse,RM 138.00,In Stock,Fast and Accurate Optical Sensor,Not available,Not available,MSI
MSI Gaming Headset Immerse GH61,RM 529.00,In Stock,Hi-Res Virtual 7.1 Surround Sound,Not available,Not available,MSI
MSI Gaming Headset Immerse GH20,RM 189.00,In Stock,2.5cm-thick Ear Cups Design For Glasses-user-friendly,Not available,Not available,MSI
MSI VIGOR GK30 Gaming Keyboard and Gaming Mouse Combo,RM 259.00,In Stock,Mechanical-like plunger switches for a crisp typing experience,Not available,Not available,MSI
MSI Vigor GK20 Gaming Keyboard,RM 150.00,In Stock,Ergonomic Designed Keycaps,Not available,Not available,MSI
MSI AGILITY GD70 Mousepad,RM 149.00,In Stock,Silk Gaming Fabric surface,Not available,Not available,MSI
Microsoft Surface Go 24W Power Supply (KVG-00005),RM 222.00,Out Of Stock,Output Power 24 W,Not available,Not available,Microsoft
MSI AGILITY GD20 Mousepad,RM 70.00,In Stock,"Ultra-smooth, low-friction textile surface",Not available,Not available,MSI
HP Laptop 15S-DU1510TU [i3-10110U Processor / 8GB / 512GB SSD / Intel UHD],"RM 2,519.00",Out Of Stock,"15.6"" Diagonal HD

Intel® UHD Graphics

8GB RAM + 512GB SSD 

Windows 10 Home

10th Generation

Intel® Core™ i3 Processor",Not available,Not available,HP
MSI CLUTCH GM41 LIGHT WEIGHT Gaming Mouse,RM 189.00,In Stock,"Take Flight, 65g Ultra-Light",Not available,Not available,MSI
MSI 27 Inch Modern Monitor MD271P,"RM 1,089.00 - RM 1,149.00",In Stock,1920 x 1080 (FHD),Not available,Not available,MSI
Dynabook Satellite Pro C40-H201 [i3-1005G1 Processor / 4GB / 256GB / Intel® UHD],"RM 2,699.00",In Stock,"14"" Full HD

Intel® Core™ i7

Windows 11 Home

4GB RAM + 256GB SSD

Intel® Iris® Xe Graphics",Not available,Not available,Dynabook
MSI Clutch GM41 Lightweight Wireless Gaming Mouse,RM 385.00,In Stock,74 gram total mouse weight,Not available,Not available,MSI
MSI Vigor GK50 Elite Kailh Blue Gaming Keyboard,RM 369.00,In Stock,Mechanical switches provide accuracy and endurance,Not available,Not available,MSI
ASUS A516E-AEJ810TS [Intel® Core™ i3-1115G4 / 4GB+256GB SSD / Intel® UHD Graphics],"RM 2,299.00",In Stock,"15.6"" LED 

Intel® UHD Graphics

4GB RAM + 256GB SSD 

Intel® UHD Graphics 

Windows 10 (Preloaded MS Office Home  & Student) ",Not available,Not available,ASUS
MSI Force GC30 V2 Wireless Controller,RM 259.00,In Stock,Support for Wireless,Not available,Not available,MSI
MSI Force GC20 V2 Controller,RM 195.00,In Stock,Support PC and Android,Not available,Not available,MSI
ASUS Chromebook Flip C214 [Intel® Celeron® N4020 / 4GB+32GB / Intel® UHD Graphics 600],"RM 1,299.00",In Stock,"11.6"" LED 

Intel® UHD Graphics 600 

4GB LPDDR4 + 32GB EMMC 

Intel® UHD Graphics 600

Chrome OS",Not available,Not available,ASUS
Microsoft Surface Pro X 13-Inch - SQ1™ / 8GB RAM / 128GB / WiFi (Platinum),"RM 4,150.00",In Stock,High-resolution 13” PixelSense™ touchscreen,Not available,Not available,Microsoft
MSI 27.9 Inch Optix Monitor MAG281URF,"RM 3,299.00",In Stock,4K High Resolution,Not available,Not available,MSI
MSI 32 Inch Summit Monitor MS321UP,"RM 3,999.00",In Stock,32-inch 4K UHD (3840 x 2160 / 16:9) ,Not available,Not available,MSI
Microsoft Surface Pro 8,"RM 4,950.00 - RM 9,101.00",In Stock,Larger 13” touchscreen display,Not available,Not available,Microsoft
Microsoft Surface Slim Pen 2,RM 499.00,Out Of Stock,Sleek and comfortable,Not available,Not available,Microsoft
Microsoft Surface Slim Pen Charger,RM 139.00,Out Of Stock,Charger for Surface Slim Pen 2 and Slim Pen,Not available,Not available,Microsoft
Microsoft Surface Pro Signature Keyboard with Slim Pen 2,"RM 1,099.00",In Stock,"Large glass touchpad, luxurious, Alcantara® material",Not available,Not available,Microsoft
Acer Aspire 3 ACE-A315-35-P6GU [Intel Pentium Silver N6000 / 4GB+512GB / Intel® UHD Graphics],"RM 2,099.00",In Stock,"15.6"" FHD 

Intel Pentium Silver N6000

4GB RAM + 512GB SSD 

Intel® UHD Graphics 

Windows 10 (Preloaded MS Office Home  & Student) ",Not available,Not available,Acer
Acer Enduro Urban N3 ACE-EUN314A-51W-592A [Intel® CoreTM i5-1135G7 / 8GB+512GB / Intel® Iris® Xe Graphics],"RM 3,599.00",In Stock,"14"" FHD 

Intel® CoreTM i5-1135G7

8GB RAM + 512GB SSD 

Intel® Iris® Xe Graphics 

Windows 10 (Preloaded MS Office Home  & Student)",Not available,Not available,Acer
Acer Swift 3 ACE-SF314-511-76QE [Intel® Core i7-1165G7 / 16GB+512GB / Intel® Iris® Xe Graphics],"RM 4,399.00",In Stock,"14"" FHD 

Intel® CoreTM i7-1165G7

16GB RAM + 512GB SSD

Intel® Iris® Xe Graphics 

Windows 11 (Preloaded MS Office Home  & Student) ",Not available,Not available,Acer
TP-Link Deco X90 AX6600 Whole Home Mesh Wi-Fi System (2-Pack),"RM 1,499.00",In Stock,AX6600 Tri-Band WiFi,Not available,Not available,TP-Link
Acer Aspire XC Series XC340-3250W10 [AMD Athlon Gold 3150U/4GB+256GB/AMD Radeon Graphics/W11/Wireless KBM/OPI],"RM 1,749.00",Out Of Stock,Not available,Not available,Not available,Acer
Microsoft Surface Pro 7+,"RM 3,599.00 - RM 4,299.00",In Stock,A brilliant 12.3” display,Not available,Not available,Microsoft
"HP M24F 23.8"" FHD IPS Monitor",RM 629.00,In Stock,"23.8""",Not available,Not available,HP
[Pre-order] Microsoft Surface Laptop Studio (ETA: 8 March onwards),"RM 7,399.00 - RM 9,399.00",In Stock,14.4” 120Hz touchscreen,Not available,Not available,[Pre-order]
Acer Nitro 5 ACE-AN515-45-R7ND [AMD Ryzen 5 5600H / 8GB+512GB / NVIDIA® GeForce®],"RM 3,999.00",In Stock,"15.6"" FHD

AMD Ryzen 55600H

8GB RAM + 512GB SSD 

NVIDIA® GeForce® GTX 1650

Windows 11 (Preloaded MS Office Home  & Student)",Not available,Not available,Acer
Acer Predator Helios 300 ACE-PH317-55-76CR [Intel® Core™ i7-11800H / 16GB+512GB / NVIDIA® GeForce RTX™],"RM 7,999.00",In Stock,"17.3"" FHD 

Intel® Core™ i7-11800H

16GB RAM + 512GB SSD

NVIDIA® GeForce RTX™

Windows 10 (Preloaded MS Office Home  & Student)",Not available,Not available,Acer
